birth_year,gender,ideology,race,education,employed,party,income_pct,activist_pct,volunteer_recruit
1962,male,-1,Latinx,non-college,1,Dem,.34489512,.85643053,0
1972,female,-1,Latinx,non-college,1,Rep,.24964814,.67985773,0
1962,female,1,White,college,1,Dem,-1.7099191,.41925389,1
1983,female,0,Black,college,1,,-.34484059,.4302097,0
1949,female,-1,White,non-college,0,Rep,-1.646456,.60355693,0
1959,female,1,White,college,1,Dem,.31746718,.94458419,1
1954,female,-1,Other,non-college,0,Rep,.51877421,.27594835,0
1970,male,-1,White,non-college,1,Rep,1.5253717,.79435682,0
1957,male,1,White,college,0,Dem,1.5262908,.019362599,1
1964,male,-1,White,college,0,Rep,-.51494449,.28072551,0
1945,female,-1,White,non-college,0,Rep,-1.0037153,.38418472,0
1943,male,-1,White,college,0,Rep,.41945112,.72151631,0
1964,male,-1,White,non-college,1,Rep,-.1030574,.43263268,0
1962,male,1,Latinx,college,1,Dem,-.27419209,.21975066,1
1988,male,1,White,college,1,Dem,-.67057914,.12019552,1
1938,male,1,White,college,0,Dem,-.016328527,.84302378,1
1984,female,1,Black,college,1,Dem,2.0825186,.96948755,1
1944,female,0,White,college,0,Dem,1.2541264,.58896399,1
1951,female,1,White,college,0,Dem,1.0976996,.59618694,1
1965,female,1,White,college,1,Dem,-1.0129439,.88531137,1
1954,female,-1,White,college,0,,-.990933,.18055512,0
1971,male,-1,Latinx,college,1,Rep,-.81984979,.64310354,0
1944,female,-1,Latinx,college,0,Rep,-.42518014,.028653951,0
1971,male,-1,Latinx,college,1,Rep,.35010588,.13290861,0
1946,male,-1,Latinx,non-college,0,Dem,1.065946,.081737481,1
1952,female,1,Latinx,college,1,Dem,-.38354921,.22592176,1
1943,female,0,Latinx,college,0,Rep,-2.2707064,.33482119,0
1972,female,1,White,college,1,,-1.1930238,.73634773,1
1937,female,-1,Other,non-college,1,Rep,-1.4379026,.21952505,0
1951,male,1,White,college,0,Dem,-1.9381653,.28545654,1
1953,female,1,White,college,0,Dem,-.64845777,.34805411,1
1948,female,0,White,college,0,Dem,.77483189,.43310112,0
1982,female,-1,Other,non-college,0,Rep,.39650413,.3487182,0
1947,male,-1,White,college,0,Rep,.33261812,.52113688,0
1940,female,0,White,college,0,Rep,-1.7444685,.074621871,1
1959,female,1,Black,college,1,Dem,2.0715942,.93779188,1
1948,female,1,White,college,0,Dem,-.4873316,.1383559,1
1941,male,0,White,non-college,0,Dem,1.3496753,.2502698,0
1956,female,1,Latinx,college,1,Dem,.40856248,.97839928,1
1952,female,-1,Black,non-college,1,Dem,-1.1141407,.28695327,0
1942,male,-1,White,college,0,Rep,.5151599,.88819402,0
1939,male,-1,Latinx,non-college,0,Dem,1.0367745,.5236308,1
1964,female,0,White,college,1,Dem,-.12639502,.90698284,1
1965,female,-1,White,college,1,Rep,-3.1667628,.12743419,0
1948,female,1,White,non-college,1,Dem,.056810319,.21041395,1
1957,female,1,White,non-college,0,Dem,1.3841436,.62330818,0
1945,male,-1,Black,college,0,Rep,-1.0524672,.78847998,0
1960,male,-1,Black,college,0,Dem,-.019388262,.52904785,0
1958,male,-1,Other,college,1,Rep,-.26338011,.57837564,0
1974,male,-1,Latinx,college,1,Rep,.4156197,.94930667,0
1965,female,0,White,college,1,Rep,-.34580368,.99338615,0
1962,female,1,White,non-college,1,Rep,-.56806749,.41075537,1
1962,male,1,Latinx,college,1,Rep,2.0788233,.47493061,0
1950,female,-1,Latinx,college,0,,.68698251,.73518002,0
1942,female,0,White,non-college,0,Rep,-.066452496,.81089687,0
1962,male,1,White,non-college,0,Dem,1.7141222,.84075624,1
1951,female,1,White,college,0,Rep,.35036391,.014560705,0
1956,male,-1,Other,college,1,Rep,.32739106,.57829207,0
1949,male,0,Other,non-college,1,Rep,.89566386,.000436959,0
1946,male,0,White,college,0,Dem,-.25060284,.30283773,1
1959,female,0,White,non-college,1,Rep,2.5986483,.45388815,0
1945,male,-1,White,college,0,Rep,-.46855852,.096370824,0
1960,female,-1,White,college,1,Rep,-.20312759,.069395095,0
1962,male,0,Latinx,college,0,,2.0265546,.75293648,1
1964,male,0,White,college,1,Dem,1.8186314,.79630852,0
1934,male,1,White,non-college,0,Dem,-.032952908,.59933347,1
1964,female,-1,White,college,1,Rep,.55099344,.14040314,0
1952,male,-1,White,college,1,Rep,-.29167128,.027730213,0
1955,male,1,Black,college,0,Dem,.068549931,.86275303,1
1975,female,0,Other,college,1,,-.08030577,.62124532,1
1953,female,-1,White,non-college,0,Dem,.38861662,.48212454,1
1960,female,1,White,college,0,Dem,.89131016,.85993958,1
1949,male,-1,White,college,0,Rep,-.3403883,.3028906,0
1961,female,-1,Latinx,non-college,1,Rep,-.8409918,.042458452,0
1964,female,-1,White,non-college,1,,-.55009747,.47421342,0
1959,female,-1,White,college,1,Rep,.77807873,.63947284,0
1945,male,-1,Latinx,college,0,Rep,.64455968,.93265659,0
1958,female,0,Latinx,college,1,Dem,-2.0403857,.33680415,1
1960,female,0,Black,non-college,0,,2.5627863,.1703424,0
1972,male,1,Black,college,1,Dem,.96263993,.32421702,1
1970,male,1,Latinx,college,1,Dem,-.27585903,.0824598,0
1961,female,-1,Latinx,non-college,0,Rep,3.5451076,.51399589,0
1977,male,1,White,college,0,,.81325865,.016969847,1
1985,female,1,White,college,1,Dem,-.41000202,.47460443,1
1940,male,-1,White,college,0,Rep,.70441568,.081159815,0
1943,male,1,Black,college,0,Dem,-.14261895,.69554794,1
1947,male,-1,White,non-college,0,Rep,-.47796899,.15800607,0
1953,female,0,Black,college,1,Dem,-.068623684,.26026967,1
1961,female,-1,White,college,1,Rep,-.37803072,.70181227,0
1965,female,1,White,college,1,Dem,1.0123914,.4236142,1
1984,male,1,White,college,1,Dem,.88234204,.62517709,0
1958,male,0,White,non-college,1,,-1.3914027,.6823715,0
1972,female,0,White,college,1,Dem,-.27197862,.8007217,1
1959,male,1,White,college,1,Dem,-.98506325,.52361888,1
1953,male,1,White,college,1,Dem,-.47386724,.032914732,1
1972,male,-1,White,non-college,1,Rep,1.0922471,.25958458,0
1975,female,1,Black,non-college,0,Dem,.16643508,.48250562,1
1957,male,1,Black,non-college,1,Dem,1.6529771,.60971379,1
1967,female,0,Latinx,non-college,1,Dem,-.94638884,.40785432,1
1975,female,1,White,college,0,Dem,-.43757272,.39055464,0
1970,female,-1,Black,non-college,0,Dem,.13599789,.026493898,0
1979,male,1,White,college,1,Dem,.071838088,.50739902,1
1961,female,1,White,non-college,0,Dem,-.60373396,.31957871,0
1935,male,-1,White,non-college,0,,-1.2837061,.52200288,0
1969,female,1,White,college,1,Dem,-.61389416,.58911353,1
1950,male,0,White,non-college,1,,-.77933168,.59895569,1
1955,female,-1,Latinx,college,1,,-2.1881449,.18722011,1
1950,female,-1,White,college,0,Rep,-.28558031,.71138018,0
1954,female,1,Black,non-college,1,Dem,.67171848,.8961882,1
1982,female,-1,Latinx,college,1,Rep,-.11558834,.1209101,0
1945,female,0,Other,college,0,Dem,.16697386,.22174774,0
1948,male,-1,White,college,0,Rep,.55242163,.056661848,0
1957,male,-1,White,college,0,Rep,.72764063,.13354123,0
1940,female,1,Latinx,college,0,Dem,.098099947,.6343053,0
1955,male,1,White,non-college,1,Dem,-.66530818,.57354301,1
1946,female,1,Latinx,non-college,0,Dem,-1.1198163,.1485513,1
1968,female,0,Black,college,1,Dem,-.78895801,.4368059,1
1940,female,1,White,college,0,Rep,1.1901826,.40325108,1
1963,male,0,White,non-college,0,,-.47240704,.55058157,0
1952,female,-1,Latinx,college,0,Rep,1.1344467,.8812145,0
1987,male,1,Latinx,college,1,Dem,.17837702,.81328696,1
1966,female,-1,White,college,1,Rep,.092636086,.26037425,0
1989,female,1,Latinx,college,0,,-.53791702,.21395282,1
1953,male,0,Other,non-college,1,Rep,.92982751,.38321844,0
1945,male,1,White,college,1,Dem,-.7136445,.079436384,1
1945,male,1,White,college,0,Dem,.047296684,.32696065,1
1975,male,1,Latinx,college,0,Dem,1.2531928,.96598816,1
1976,male,1,Black,college,1,Dem,-.72982025,.60393226,1
1962,female,0,Latinx,college,1,Rep,1.0905976,.74793631,0
1977,male,-1,White,college,1,Rep,1.38263,.45242289,0
1930,female,-1,White,college,0,Rep,1.2137985,.93585289,0
1936,female,1,Latinx,college,0,Dem,.2886205,.19773525,1
1970,male,-1,White,college,1,Rep,-.04772222,.85502982,0
1954,male,-1,White,college,1,Rep,-.43037727,.98160255,0
1947,female,-1,Latinx,college,0,Rep,-.35712254,.72586042,0
1961,male,-1,White,college,1,Rep,1.0372944,.5090909,0
1981,female,1,Black,non-college,1,Dem,1.8357025,.87976962,1
1958,male,-1,Latinx,college,0,Rep,1.6385146,.32443342,0
1955,male,-1,White,college,1,Rep,-1.496592,.015304466,1
1949,male,-1,White,college,0,Rep,.74380255,.73781544,0
1960,male,0,Black,non-college,1,,-.83809751,.62917972,0
1946,male,0,White,college,0,Rep,.15514027,.87512726,1
1988,male,1,Other,college,1,,.35504079,.55922359,1
1978,male,-1,Latinx,non-college,0,Dem,.45866293,.028283855,0
1950,female,1,White,college,1,,.033270828,.13615304,1
1946,female,0,White,college,0,Dem,1.0145409,.63974464,1
1956,female,0,White,non-college,1,Rep,-1.152328,.71814489,0
1978,female,1,Other,college,1,Rep,.0086569292,.27889135,0
1953,female,-1,Other,college,1,Rep,-.65620953,.20116647,0
1947,female,-1,White,college,0,Rep,-2.99893,.59324962,0
1968,male,-1,Other,college,1,Rep,-.10454734,.4736059,0
1949,female,1,White,college,0,Dem,.55438328,.81433505,0
1964,female,1,White,college,1,Dem,-2.1164818,.42380598,1
1974,male,-1,White,college,1,Rep,-.6450032,.64799201,0
1967,female,1,White,college,1,Dem,-.021601703,.35569528,1
1952,male,-1,Other,non-college,1,,1.7602767,.45214835,1
1952,male,1,White,non-college,0,Dem,.3145819,.51562041,1
1949,female,1,White,college,0,Dem,-.34194252,.54323375,0
1962,female,1,White,college,1,Dem,1.9464235,.94393343,0
1971,female,0,White,college,1,Dem,-.24620223,.025868863,1
1973,male,0,White,non-college,1,Rep,.44962624,.66282809,0
1955,female,0,Latinx,non-college,0,,1.1633971,.66331106,0
1956,male,-1,White,college,1,Rep,-1.5273201,.83874148,0
1943,female,-1,White,non-college,0,Rep,-.34086493,.91487914,1
1980,male,-1,White,college,1,Rep,.013492851,.57874519,0
1929,male,0,White,college,0,Rep,-1.1777804,.80690265,0
1947,male,-1,White,non-college,1,Rep,-.82647192,.32368076,0
1952,female,-1,White,college,1,Rep,.76873767,.69152045,0
1952,male,-1,White,college,0,Rep,.67729849,.23179507,0
1949,male,1,White,non-college,0,Dem,2.4301999,.094753928,1
1946,female,0,White,non-college,1,Rep,-.10545365,.058634102,0
1955,female,1,Black,college,1,Dem,.49797028,.88536102,1
1939,female,0,White,college,0,,2.1564498,.60232729,0
1946,female,-1,White,college,0,Rep,-.57893658,.33462733,0
1945,female,1,White,non-college,0,Dem,.98188215,.94661909,1
1952,male,1,Latinx,non-college,0,Dem,-.89143115,.037761223,1
1963,male,-1,White,non-college,1,Rep,.30032581,.90601408,0
1982,male,-1,Black,non-college,0,Rep,.10630415,.05275321,0
1949,female,1,Other,college,1,Dem,-.31060299,.90248716,1
1955,female,1,Black,college,1,Dem,.42114452,.60611939,1
1978,female,1,Latinx,college,1,Dem,.25270441,.40618408,1
1945,female,-1,White,non-college,0,Rep,1.0237261,.92451596,0
1960,female,-1,Latinx,college,1,Rep,-1.4383388,.0056749098,0
1946,male,-1,Latinx,non-college,1,Rep,.09033677,.43607217,0
1946,female,-1,White,college,0,Rep,.73595697,.081704803,0
1963,female,0,White,college,0,Dem,-.52440357,.37926203,1
1955,female,-1,Other,college,1,,1.0403342,.8829037,0
1950,male,0,White,non-college,0,Rep,-1.7049689,.30723524,0
1988,female,1,White,college,1,Dem,.046431325,.93004322,1
1942,male,-1,Latinx,college,0,Rep,1.4499555,.62966597,0
1958,female,0,White,non-college,0,,.7306357,.1249349,1
1967,male,1,White,college,1,Dem,.67884016,.3133395,1
1957,female,0,White,college,1,Dem,.0041837869,.025677145,1
1978,male,1,White,college,1,Dem,-.87465382,.61813056,0
1926,female,-1,White,non-college,1,Rep,.85110062,.38153479,0
1929,male,-1,White,college,0,Rep,-.1499905,.80933028,0
1964,male,-1,Latinx,non-college,1,Rep,.84095758,.050310411,0
1943,female,-1,Latinx,non-college,0,Rep,-.5963819,.79685706,0
1949,female,0,White,non-college,0,Rep,-.51882029,.31170729,0
1934,male,-1,Latinx,college,1,Rep,-1.3842112,.57392508,0
1966,female,1,Latinx,college,0,Dem,.82568514,.78878766,1
1948,male,-1,Latinx,college,0,Rep,-.10194024,.42125338,0
1944,male,1,Black,college,0,Dem,-.74417037,.61636311,1
1947,female,1,White,college,0,Dem,-1.4836375,.28724959,1
1962,male,-1,White,college,1,Rep,-.25651988,.76357216,0
1945,female,-1,White,college,0,Rep,.43994707,.92085284,0
1947,female,0,Latinx,non-college,0,Dem,.1484874,.47813678,1
1953,male,1,White,non-college,1,Dem,-.54479623,.48472199,1
1951,male,1,White,college,0,Dem,-.5132497,.43301916,0
1987,male,1,Latinx,college,1,Dem,.21933436,.97912151,1
1940,female,-1,White,non-college,0,Rep,-.73914099,.60777277,0
1961,female,1,White,college,1,Dem,.82878572,.04038256,1
1952,female,1,White,non-college,1,Rep,-.17141266,.74718195,0
1948,male,0,White,college,1,,.24897325,.60592765,1
1983,female,0,White,college,1,,-.75796294,.86299294,0
1949,male,1,White,college,0,Dem,-.92103863,.34320951,1
1973,female,1,White,non-college,1,Dem,-.16649859,.21320072,1
1938,female,-1,White,college,0,Rep,1.366544,.49143383,0
1948,female,1,White,college,0,Dem,.49944067,.27350247,1
1938,male,-1,White,college,0,Rep,-1.1754333,.61475927,0
1954,male,1,White,college,0,Dem,1.6732296,.54763681,1
1940,female,-1,White,college,1,Rep,-.47891265,.33334637,0
1965,female,1,White,college,0,Dem,.29808182,.49703801,0
1977,male,-1,White,college,1,Rep,-.6288023,.91532981,0
1960,female,1,White,college,1,Dem,-.3068693,.41157404,1
1954,female,1,White,non-college,0,Dem,.21620271,.10114923,1
1958,female,-1,White,non-college,0,Rep,.65890068,.73424059,0
1962,female,-1,White,college,1,Rep,-.15194803,.58300608,0
1950,female,-1,White,college,1,Rep,.031038426,.16200952,0
1956,female,1,White,non-college,0,Dem,1.8069105,.64077061,1
1963,male,-1,Black,non-college,1,Dem,-1.1532336,.54497015,1
1946,female,0,White,college,1,Dem,.70400727,.74954975,0
1982,female,1,Latinx,non-college,0,,-.28871259,.68627137,1
1955,male,0,White,non-college,0,Dem,1.8067167,.065022402,0
1948,female,0,White,non-college,0,Dem,.35250378,.73225272,1
1962,male,1,Latinx,college,1,Dem,1.208649,.29614809,0
1961,male,-1,White,college,1,Rep,-.1483244,.78944802,0
1954,male,-1,White,college,0,Rep,.086396836,.69944859,1
1957,male,-1,White,college,1,Rep,.85711658,.0053295558,0
1957,female,0,Latinx,college,0,Rep,1.3607597,.91107845,1
1954,female,0,Other,college,0,Rep,-.60403305,.89448208,0
1945,female,0,White,college,0,Dem,1.2756821,.904917,0
1957,female,-1,White,college,1,Rep,-.68355775,.60263002,0
1941,male,1,White,non-college,0,Rep,-1.122372,.56788683,1
1955,female,-1,White,non-college,0,Dem,-.064311683,.11165218,0
1950,male,0,White,college,0,Dem,-.49342212,.63548642,0
1941,female,0,White,college,1,Dem,1.4524711,.77355492,1
1942,female,0,White,college,0,Rep,-1.1405946,.94964802,0
1946,male,-1,White,non-college,0,Rep,.36795008,.090287402,0
1959,male,-1,Other,college,1,Rep,.043873366,.87032217,0
1937,male,1,White,college,0,Dem,.25121289,.78622657,1
1933,female,-1,White,non-college,0,Rep,-.63401431,.47271463,0
1943,female,-1,Other,non-college,0,Rep,-.77663904,.39518982,0
1951,female,1,White,college,0,Dem,2.3688669,.35712513,0
1959,female,1,White,college,1,Dem,-.17895497,.46267852,1
1939,male,-1,White,college,0,Rep,.14112887,.44625795,0
1951,female,0,White,non-college,1,Rep,.4046084,.98100126,0
1953,female,-1,White,college,1,Rep,-.24944358,.49794587,0
1971,male,0,White,college,1,Dem,.83393508,.23090222,1
1952,male,0,White,college,1,Rep,1.2384799,.74489802,0
1948,male,1,White,non-college,0,Dem,.15688813,.93795878,0
1948,female,-1,White,college,0,Rep,-.41131625,.34408453,0
1940,female,-1,White,college,0,Rep,.63219517,.52385646,0
1986,male,0,White,college,1,Rep,.53690672,.13995038,1
1949,male,1,White,college,0,Dem,-.4072029,.48549029,0
1972,female,-1,White,college,1,Rep,.60669702,.78775418,0
1957,male,-1,Latinx,non-college,0,Rep,1.966506,.64556414,0
1969,female,1,Black,college,1,Dem,-1.2308789,.94477665,0
1939,male,1,White,non-college,1,Rep,.98941326,.47549847,0
1986,female,1,White,college,1,Dem,-.4062328,.83775884,1
1961,female,-1,White,non-college,0,Rep,.08703237,.71529126,0
1961,male,1,White,college,1,Dem,-.94240016,.0092406189,0
1945,male,-1,White,college,1,Rep,-.015186626,.92932266,0
1950,male,1,White,college,0,Dem,-2.0150597,.49443111,1
1949,male,1,Black,college,0,Dem,1.4288254,.72062641,1
1952,male,-1,White,college,1,,1.7889807,.79472291,0
1944,male,1,White,college,0,Dem,-.29401267,.044509608,0
1931,female,1,White,college,1,,-1.7665745,.46062711,1
1960,female,1,Latinx,non-college,1,,-1.116321,.38077235,1
1952,male,1,Latinx,college,1,,1.1380137,.97846764,0
1941,female,0,White,non-college,0,Dem,.3091706,.56499428,1
1944,male,1,White,college,1,Dem,-1.3398873,.42607048,1
1933,female,1,White,college,0,Dem,-.016340273,.17205139,1
1956,male,1,White,non-college,0,Dem,-.37136483,.95654905,1
1987,female,1,Other,non-college,1,Dem,-.18221146,.27321985,1
1969,female,1,White,college,1,Dem,-.36258155,.85105747,1
1985,male,1,Latinx,college,1,Dem,1.1573303,.15037942,1
1951,male,1,White,college,0,Dem,-.073956005,.81225175,1
1953,male,-1,White,college,1,Rep,.36764655,.20691365,0
1960,male,0,Latinx,college,1,Rep,-.42554787,.65980077,0
1978,male,0,Latinx,non-college,1,Rep,-.96456099,.86027855,0
1967,male,-1,Latinx,non-college,1,Rep,.87206095,.99707019,0
1974,female,1,Latinx,college,1,Dem,-.50001901,.81649858,1
1979,female,1,Latinx,college,1,Dem,-.1343656,.80186987,1
1979,female,0,Other,non-college,0,Rep,.44413477,.93958038,1
1927,male,1,Latinx,non-college,0,Rep,-1.5671723,.78260136,0
1947,female,-1,White,college,0,Rep,-.34046277,.65876436,0
1986,male,1,White,college,1,Dem,.74066246,.8036809,1
1963,female,1,White,college,0,,.76926118,.63039285,1
1950,male,1,White,college,0,Rep,-.86167675,.80478638,0
1948,male,-1,White,non-college,0,Rep,.86322731,.11430754,0
1959,male,-1,White,non-college,0,Dem,.82701772,.33731571,1
1971,male,-1,White,non-college,1,Rep,.52393085,.40556395,0
1963,female,1,White,college,1,Dem,-.58816934,.63758898,1
1930,female,-1,White,non-college,0,,.6805349,.44974235,0
1957,female,-1,White,college,0,Rep,-.33649805,.49823344,0
1962,male,1,White,non-college,1,Dem,.41271096,.39736381,1
1951,female,-1,Other,college,1,Rep,.11588046,.48373106,0
1955,female,0,White,college,1,Rep,-.32961801,.777439,0
1943,female,-1,White,college,0,Rep,.15529504,.64701873,0
1985,female,-1,Latinx,college,1,Dem,-.46022388,.46905899,1
1951,male,-1,White,college,0,Rep,-.063268125,.40676504,0
1967,female,-1,White,college,1,Rep,1.1192967,.44533214,0
1970,female,-1,White,college,1,Rep,.23066182,.34624299,0
1935,male,1,Black,non-college,0,Dem,-.44841295,.6219722,0
1971,male,-1,White,college,1,Rep,.23504676,.52245873,0
1971,male,1,Latinx,college,1,Dem,.35862121,.5702228,1
1956,female,-1,Latinx,non-college,1,Rep,.045435004,.27895942,0
1955,male,1,Latinx,non-college,0,Dem,-.90991408,.11915046,1
1965,female,0,White,college,1,Dem,.078374155,.40798861,1
1951,male,1,Latinx,non-college,0,Dem,.18872342,.59253526,0
1958,female,1,Black,non-college,0,Dem,.51126897,.61440915,1
1963,female,-1,Latinx,college,1,Rep,.65076411,.48943678,0
1948,female,1,Latinx,college,0,Dem,-1.4221348,.21798591,1
1960,female,-1,White,college,1,Rep,.64170939,.9540301,0
1963,male,0,Black,non-college,0,Dem,-.72483516,.83005595,1
1947,female,1,White,college,0,Dem,.096529394,.95283622,1
1959,female,-1,White,college,0,Rep,-.85328841,.83390188,0
1969,female,1,White,college,1,Dem,-.76883173,.10752954,1
1951,female,-1,Latinx,college,1,Rep,-.14763466,.81131798,0
1945,female,1,White,college,0,Dem,-.24444909,.60325259,1
1945,female,-1,Latinx,college,0,Rep,.092900969,.58619183,0
1956,male,1,White,college,1,Dem,-.22999163,.38132766,1
1943,female,-1,White,college,0,Rep,-2.6243474,.23792839,0
1937,female,1,White,non-college,0,Dem,1.3950779,.76747793,1
1957,female,-1,White,non-college,0,Rep,.56498837,.27039123,0
1981,female,0,Other,non-college,1,Dem,-.77576619,.44904608,0
1945,female,-1,Other,college,0,Rep,.34533799,.42078751,0
1949,male,-1,Other,college,0,Rep,-.022414621,.93744469,0
1947,female,-1,White,college,0,Rep,2.4890149,.96209413,0
1974,female,1,White,college,0,Dem,.39025098,.42927474,1
1950,female,-1,White,non-college,0,Rep,1.2564578,.19202812,0
1938,female,-1,Other,college,0,Rep,-.84088159,.85643339,0
1955,male,-1,White,non-college,1,Rep,.60490984,.44949242,0
1948,male,-1,White,college,1,Rep,.87776238,.90555102,1
1948,female,-1,White,college,0,Dem,.25109312,.62473661,0
1937,female,0,White,non-college,0,Rep,-.94593549,.61146832,0
1965,female,-1,White,college,1,,1.2850146,.2797367,0
1955,female,-1,White,non-college,0,Rep,.47830209,.81512207,0
1950,female,-1,White,college,0,Rep,-.46786651,.47814777,0
1976,female,1,Black,non-college,1,Dem,-.15882,.74572945,1
1968,female,-1,White,college,1,,-1.4923143,.16535735,0
1949,male,1,White,college,0,Dem,1.3329587,.93607581,1
1965,male,1,White,college,1,Dem,.94090468,.55134183,1
1953,female,1,White,college,1,Dem,-.92267907,.96018618,1
1975,female,1,White,college,0,Dem,-.46377289,.91968513,1
1973,female,0,Black,college,1,Dem,-.21530363,.50321895,1
1962,female,1,White,non-college,1,Dem,1.0889386,.48813838,1
1969,male,-1,White,college,1,Rep,-.36564362,.65001619,0
1973,female,-1,Black,non-college,1,Rep,-.37057501,.77326703,1
1975,male,-1,White,non-college,1,Rep,.58478141,.54870462,0
1969,male,0,White,college,1,Dem,.92040378,.58895767,1
1958,male,-1,White,college,1,Rep,-.09734004,.94360179,0
1961,female,-1,White,non-college,0,Rep,-.11159053,.50368506,0
1950,male,-1,Latinx,college,0,Rep,-.85136878,.89234495,0
1981,male,0,Latinx,college,1,Rep,-.42859125,.94913012,0
1948,male,-1,Other,college,0,Rep,-.081723846,.74833804,0
1971,male,1,Latinx,college,1,Dem,-1.3413405,.60855544,1
1946,female,-1,Other,college,0,Rep,1.2396417,.33010399,0
1976,male,0,Latinx,non-college,0,Dem,-.31437492,.6872952,1
1955,female,1,Latinx,college,1,,-.7754873,.23322947,1
1951,female,-1,White,college,0,Rep,-1.212325,.47602579,0
1948,female,-1,White,college,0,Rep,-.042889304,.2077684,0
1972,male,1,White,non-college,1,Dem,-.1869019,.30927962,1
1981,female,0,Black,college,0,Dem,.7075094,.51130146,1
1965,female,0,White,college,1,Dem,-1.3028231,.019793173,1
1954,male,0,White,college,0,,.31846976,.35307747,1
1983,male,1,Black,college,1,Dem,-1.2061986,.279102,1
1975,female,1,White,college,0,Dem,-.76027977,.73861265,1
1951,female,-1,White,college,0,Rep,-1.287398,.45210797,1
1944,female,-1,White,non-college,0,Rep,.15032357,.18637054,0
1950,female,0,White,non-college,0,Dem,-1.4923962,.19045633,1
1968,female,1,White,college,1,Dem,-.14722154,.90580869,1
1957,male,0,Other,college,1,Dem,1.1566182,.37937185,1
1950,female,-1,Other,college,1,Rep,-1.0426378,.32351917,0
1958,female,1,White,college,1,Dem,-.073736273,.27618945,0
1955,female,1,White,non-college,0,Dem,.11634794,.8013407,0
1957,male,0,Black,non-college,1,Dem,-1.270064,.2403591,1
1947,female,0,White,non-college,0,Rep,-.35754535,.28558126,0
1953,female,1,White,college,1,Dem,-.26713732,.95485348,0
1941,female,-1,White,non-college,0,Rep,2.2989812,.69704092,0
1958,female,-1,Latinx,college,1,Dem,-.7531743,.36344513,1
1939,female,0,Black,college,1,Dem,-1.2748213,.74076402,1
1960,female,0,White,college,0,,1.0046018,.33500946,0
1952,female,1,White,college,1,Dem,-.9538281,.86295068,1
1951,male,-1,White,college,0,Rep,-1.6645298,.92428893,0
1969,female,0,White,college,1,Rep,-.45344293,.6022079,0
1955,female,-1,White,non-college,1,Rep,.079653002,.84086919,0
1988,female,0,Black,college,1,Dem,.5640654,.040095303,1
1976,male,1,Latinx,non-college,1,,.53712654,.073334254,1
1948,female,0,White,college,0,Dem,.63882834,.64933342,1
1945,male,-1,White,non-college,0,Rep,.79618698,.0126569,0
1963,male,-1,White,college,1,,1.2256614,.28834027,0
1932,male,0,White,college,0,Rep,-.26823193,.17771198,1
1940,male,-1,White,non-college,0,Rep,-.84524012,.46552193,0
1939,female,-1,White,non-college,1,Rep,1.9643737,.3338494,0
1955,female,0,White,non-college,0,,.59687364,.20788023,1
1953,male,1,Other,college,1,Dem,.48656011,.94565642,0
1981,female,-1,White,non-college,1,Rep,.17334597,.87118262,0
1960,male,-1,Black,non-college,0,Dem,-1.394648,.17483439,1
1957,male,0,Latinx,college,1,Rep,.93348348,.93387544,1
1971,female,0,Latinx,college,1,Dem,-.040294997,.067729674,1
1972,female,0,Latinx,college,1,,-.47544536,.11946401,1
1951,female,0,Latinx,college,0,Dem,-.38927379,.88201427,1
1975,female,1,Other,college,1,Dem,.18343011,.71002221,0
1949,female,-1,Latinx,college,0,Dem,-.42277661,.48662522,1
1950,male,1,White,college,1,Dem,-1.4332905,.39275646,1
1944,female,0,White,college,0,Dem,1.4600761,.20035303,0
1944,male,-1,White,non-college,1,Rep,1.0910673,.14516938,0
1966,female,0,White,college,0,Rep,.65198016,.17361738,0
1962,female,1,Latinx,non-college,0,Dem,-1.2996759,.47041637,1
1969,male,-1,Other,college,1,Rep,-.29820284,.62191731,0
1942,female,1,White,college,0,Dem,-.70458639,.0033558831,1
1966,female,0,White,non-college,1,Dem,-.93435144,.73645121,1
1948,female,1,White,college,0,Dem,-1.5596905,.075184055,1
1935,male,1,White,college,0,Dem,-.73099917,.45361781,1
1988,male,-1,White,college,1,Rep,.096425951,.70465499,0
1958,male,1,White,college,1,Dem,1.5085459,.73405898,0
1956,male,-1,Other,college,1,Rep,-.73955089,.14097603,0
1951,female,-1,White,college,0,Rep,-1.7436239,.51409596,0
1950,male,0,Black,college,0,Dem,-.47959682,.10817942,1
1954,female,1,Other,college,1,Dem,-.51016343,.98719847,1
1930,female,1,White,non-college,0,Dem,-1.5760587,.034310099,1
1971,male,1,White,college,1,Dem,-2.5807526,.482252,1
1956,female,0,White,college,1,Dem,-1.6476928,.14677979,1
1945,male,-1,White,college,0,Rep,.75298446,.085445449,0
1942,male,-1,White,college,0,Rep,-.10506125,.15431592,0
1944,female,-1,White,non-college,0,Rep,-.32697245,.75411952,0
1953,male,-1,White,college,0,Rep,-1.2141964,.84286791,0
1961,male,-1,Latinx,college,1,,.52481711,.45046547,0
1963,male,-1,White,non-college,1,Rep,-.62582994,.71390128,0
1960,female,-1,White,college,1,Rep,-.67694628,.983334,0
1935,male,-1,White,non-college,0,Dem,-.76135683,.065769769,0
1962,female,1,White,college,1,Dem,-1.3815587,.68668383,1
1940,male,-1,White,non-college,0,,1.4887925,.39158943,0
1987,male,1,White,college,1,Dem,-.72819018,.9901467,1
1944,female,-1,White,college,0,Rep,-1.4141996,.77090681,0
1947,female,1,White,non-college,0,Dem,-.17166026,.33329391,1
1975,female,-1,White,non-college,0,Rep,1.3897207,.25595063,0
1955,male,-1,White,college,0,Rep,.021551931,.087879986,0
1929,male,0,White,non-college,0,Rep,.6356861,.17866042,0
1975,female,0,White,college,1,Dem,-.81085229,.43765178,1
1946,male,0,White,college,0,Dem,-1.8716016,.63683695,0
1936,female,-1,White,non-college,0,Rep,-.48408228,.38776851,0
1943,female,1,White,college,0,Dem,1.7044414,.83092606,1
1958,male,-1,White,non-college,0,Rep,-1.4022135,.56162906,0
1970,male,0,White,non-college,1,Rep,.72715968,.64355856,0
1968,male,-1,White,college,1,Rep,.20667158,.74471867,0
1946,female,1,White,college,0,Dem,-.71067697,.66753846,1
1975,male,1,White,college,1,Dem,.21347865,.40192676,1
1974,female,-1,Latinx,college,1,Dem,1.0345654,.70904791,1
1950,female,-1,White,college,0,Rep,-1.4303353,.80751944,0
1985,male,0,Other,non-college,1,,.21886539,.48551151,1
1942,female,1,White,college,0,Dem,.36214098,.34364882,1
1960,female,-1,White,college,1,Rep,.27906367,.094904661,0
1938,male,1,Other,non-college,0,,-.88172245,.75560451,1
1953,female,-1,Black,non-college,0,Dem,-1.0148988,.3565352,1
1981,female,1,White,college,1,Dem,2.1682477,.92046821,1
1956,male,-1,White,non-college,0,Rep,.80990517,.53056276,0
1944,male,1,Black,college,0,Dem,.48595938,.39748791,1
1966,female,0,White,non-college,1,Rep,-2.3788137,.56969589,0
1986,male,1,White,non-college,1,Dem,-.1259388,.69576913,1
1965,male,-1,White,non-college,0,Rep,-.79025167,.97556424,0
1942,female,-1,White,college,0,Rep,-.84980518,.51828468,0
1985,male,1,White,college,1,,1.9696558,.096056096,1
1942,female,0,White,college,1,Rep,-2.1482046,.24836992,0
1945,male,-1,White,non-college,0,Rep,-.18764564,.99905229,0
1940,female,0,White,non-college,1,Dem,-.51792282,.89137381,0
1957,male,1,Black,college,0,Dem,1.3106326,.18503502,0
1956,male,-1,White,non-college,0,Rep,1.6057724,.040777091,0
1937,female,-1,White,non-college,1,Rep,.72481853,.90840995,0
1940,female,-1,White,non-college,0,Rep,.74078691,.4960247,0
1957,female,1,White,college,1,Dem,-.091538839,.66676778,0
1962,male,-1,Latinx,non-college,0,Rep,-1.3106393,.024586475,0
1979,female,0,White,non-college,1,Rep,2.3013299,.5975849,0
1967,female,-1,Latinx,college,1,Rep,-1.246335,.3182992,0
1968,female,-1,White,college,1,Rep,.23895012,.68307805,0
1986,female,-1,White,college,1,,1.2089248,.54258382,0
1976,female,0,White,college,0,,-1.1996826,.32673427,0
1960,male,-1,White,non-college,0,Rep,-.29615769,.11999275,0
1983,male,1,White,college,1,Dem,-.26550943,.1878508,1
1949,male,-1,White,college,0,Rep,-1.0841982,.98017669,0
1970,female,1,White,college,1,Dem,-1.6438272,.65506428,1
1940,male,-1,White,non-college,0,Rep,1.3206551,.28456414,0
1950,female,-1,Other,college,0,Rep,-.17243311,.94551462,0
1959,female,1,White,college,1,Dem,-1.323722,.072554648,1
1988,female,1,White,college,1,Dem,-.71743798,.70028812,1
1994,male,1,White,non-college,0,Dem,-1.5481526,.62343568,1
1950,female,-1,White,college,0,Rep,.44995022,.44404274,0
1957,male,-1,White,college,1,Rep,.22127345,.53643632,0
1974,female,-1,White,college,1,Rep,.93622094,.056643989,0
1959,female,1,White,non-college,1,Rep,.79063576,.56828576,1
1955,female,0,White,non-college,1,Dem,.60106796,.46691692,1
1950,male,-1,White,non-college,0,Rep,-1.9125972,.28502157,0
1960,male,-1,Latinx,college,1,,-.94357973,.56598127,0
1959,female,1,White,non-college,0,Dem,1.0999308,.96296477,1
1959,female,-1,White,non-college,1,Rep,.89406919,.075360298,0
1961,female,1,Latinx,non-college,1,Dem,-2.2554584,.90819347,1
1958,male,-1,White,college,1,,2.5202017,.97467774,0
1973,male,0,White,college,1,,-1.428125,.93029219,0
1961,female,1,White,college,1,Dem,-.026744723,.69379699,1
1960,male,-1,White,college,1,Rep,-.98908675,.98445034,0
1966,female,1,White,college,0,Rep,-1.9374825,.28209153,1
1949,female,0,White,college,1,Rep,-1.5703101,.46573052,0
1986,female,-1,White,college,1,Rep,-1.266906,.10878573,1
1964,female,0,White,non-college,1,Rep,-1.5231078,.36762691,1
1969,female,0,Black,non-college,1,Rep,.67126626,.33181062,0
1961,female,0,White,college,1,Rep,-.088104747,.096645743,0
1962,female,-1,White,non-college,0,Rep,-.62598848,.10819475,0
1970,male,0,White,non-college,1,Dem,.96615469,.35070699,1
1938,male,-1,Black,non-college,0,Dem,.99618798,.059257623,1
1970,male,-1,White,college,1,,.028883232,.90237391,1
1948,female,1,White,college,1,Dem,.78197211,.79904747,1
1947,female,-1,White,college,0,Rep,2.0278239,.82612872,0
1984,male,-1,Latinx,non-college,1,Rep,-1.4286299,.093343087,0
1962,male,0,White,college,1,Rep,-1.1396645,.36138114,0
1946,female,-1,White,non-college,0,Rep,-.37195462,.87124753,0
1961,male,-1,White,college,0,Rep,.77185643,.29950199,0
1942,male,1,White,non-college,1,Dem,.53931791,.37595332,0
1955,male,0,White,college,0,Dem,-.24387038,.71708512,1
1982,male,1,White,college,1,,-2.2572589,.67582184,1
1943,male,0,White,college,0,Rep,.12703104,.30668417,1
1956,male,-1,White,college,1,Rep,-1.130558,.76694554,0
1952,female,1,White,non-college,0,Dem,-.24433869,.84785116,1
1943,female,1,White,college,1,Dem,.64911044,.95101523,1
1965,female,-1,White,college,1,Rep,-1.9410298,.42029136,0
1982,male,-1,White,college,1,Rep,.96464276,.10024644,0
1947,male,1,White,non-college,0,Dem,.47623393,.050005261,1
1947,female,-1,White,non-college,0,Rep,1.0911996,.34592709,1
1964,male,-1,White,non-college,1,Rep,-.72940302,.66416413,0
1960,female,0,White,college,1,,1.1753895,.57293129,0
1963,female,1,White,college,1,Dem,-1.1078303,.6179685,1
1960,female,0,Other,college,1,Rep,.306362,.496227,0
1964,male,-1,White,college,1,Rep,.22199039,.03833602,0
1951,female,1,Other,college,0,,.86613983,.15892522,1
1954,male,-1,White,college,0,Rep,.3801643,.34503317,0
1966,female,-1,White,college,1,Rep,2.5681894,.18463975,0
1948,female,0,White,college,0,Rep,1.9723594,.70722508,0
1946,female,1,Other,non-college,0,Dem,1.8819818,.6346221,1
1948,female,1,Other,college,0,Dem,1.1015124,.52984357,1
1968,male,1,Latinx,college,1,Dem,1.3653479,.33984709,1
1958,female,1,White,college,1,,.4856177,.62177175,1
1977,female,-1,Latinx,college,1,Rep,.3514199,.87979764,0
1945,female,1,White,non-college,0,Dem,-.67262834,.3672002,1
1952,male,1,White,non-college,1,Dem,.44577679,.75762492,0
1966,female,-1,White,college,0,Rep,-2.3886149,.2857888,0
1953,male,-1,White,college,0,Rep,-1.0905094,.089043744,0
1975,female,0,Black,college,1,Dem,-2.0896537,.15546393,0
1944,female,1,Latinx,non-college,0,Dem,.15664044,.83243006,0
1927,male,-1,White,non-college,1,,-.043884512,.49378097,0
1962,female,0,White,college,0,Dem,.55593991,.90057516,1
1977,male,0,White,college,1,Dem,1.0316803,.40572289,0
1963,male,-1,White,non-college,1,Rep,.24957748,.30822802,0
1954,female,1,White,college,1,Rep,1.3051932,.30118537,0
1964,male,1,White,non-college,1,,.03306048,.55833113,1
1948,female,-1,White,non-college,0,Rep,.027489517,.66510487,0
1947,male,1,White,college,0,Dem,.5321945,.87212873,1
1964,male,-1,White,college,1,Rep,1.2880112,.39982003,0
1970,female,1,White,college,1,Dem,1.7971957,.34202176,1
1955,male,-1,White,college,0,Rep,-.2328178,.0175316,0
1951,male,-1,White,college,0,Rep,-.41888031,.37998688,0
1955,female,1,White,college,1,Dem,-1.6819222,.89433527,1
1988,male,1,White,college,1,Dem,.81334323,.6429047,0
1983,female,1,Black,college,0,,1.3447868,.26801142,1
1946,male,-1,White,college,0,Rep,-.8900243,.83166176,0
1948,male,0,Latinx,non-college,0,Dem,1.324633,.96753085,1
1947,male,0,White,college,0,Rep,-.14428402,.45665306,0
1953,female,1,White,college,0,Dem,.77808267,.80021614,1
1947,female,-1,Latinx,non-college,0,Rep,.48696414,.023820724,0
1945,female,1,White,college,0,Dem,-.46494058,.87749302,1
1966,female,-1,White,non-college,0,Rep,-1.9449182,.99627233,0
1972,male,1,White,college,1,Dem,-.29137838,.58813602,0
1948,female,-1,White,college,0,Rep,1.2271391,.69389844,0
1963,female,1,White,college,1,Dem,-.60597646,.22850835,1
1990,female,1,White,college,1,Dem,-1.2100998,.48404735,1
1990,female,1,White,college,1,Dem,-.69155622,.46126112,1
1951,female,1,White,college,1,Dem,.4184545,.88603389,1
1964,female,0,Black,non-college,1,Dem,-1.297115,.97515774,0
1967,female,1,White,college,1,Dem,.34606758,.54474175,1
1941,female,-1,White,college,0,Rep,-.49013963,.8031249,0
1951,male,1,White,college,1,Dem,-.80732727,.098055884,0
1967,male,-1,White,non-college,0,Rep,2.5106149,.34584093,0
1992,male,-1,Other,college,1,,-1.5279472,.38833922,0
1950,female,1,White,college,0,Dem,.36739367,.42534584,0
1936,male,0,White,non-college,0,Rep,-.17840414,.67107141,0
1967,female,1,White,college,1,Dem,-1.0408918,.69088537,1
1936,female,0,White,non-college,0,Rep,-.45242,.69744414,0
1947,female,1,White,college,0,,.52119577,.039243095,0
1943,male,0,White,non-college,0,Rep,-.73851955,.66976249,0
1975,female,1,Latinx,non-college,0,,-1.1685282,.48660305,1
1955,female,1,White,college,1,Dem,.42727476,.92454481,1
1950,male,-1,White,non-college,1,Rep,1.7625031,.34255818,0
1996,male,-1,White,college,0,Rep,.12153591,.03793161,0
1943,female,-1,White,non-college,1,Rep,-.70935792,.55491138,0
1952,female,1,White,college,0,Dem,.70489717,.58309555,1
1976,female,1,White,college,1,Dem,-1.458806,.61022156,1
1948,female,-1,White,college,0,Rep,-.89247054,.65891767,0
1950,male,-1,White,college,0,Dem,1.1329563,.83326161,1
1951,male,1,Latinx,college,0,Dem,-.7258305,.46555907,1
1946,female,1,White,college,0,Dem,-.73878902,.27753377,1
1945,male,-1,White,non-college,0,Rep,-.37148437,.71447968,0
1950,female,0,White,college,0,Dem,-2.1641774,.36767286,1
1941,female,1,Black,college,0,,2.5261765,.4639518,1
1961,female,-1,White,non-college,0,Dem,.091862261,.5376752,1
1930,male,0,White,college,0,Dem,-.34414649,.64004052,0
1943,female,-1,White,college,0,Rep,-.45092502,.70942652,0
1944,female,1,Black,non-college,0,Dem,-.57029843,.2356773,1
1951,male,1,White,college,0,Dem,1.4354764,.5840342,1
1983,male,-1,Black,college,1,Dem,-1.0818465,.47954974,1
1984,female,0,Other,college,1,Dem,-.44457006,.88700461,1
1954,female,0,White,college,1,Dem,-1.5882373,.18364762,1
1963,female,-1,White,non-college,1,,.18207817,.016811714,0
1961,male,1,White,college,1,Dem,-.97227955,.9121266,0
1964,male,-1,White,college,1,Rep,-.23218447,.6484549,0
1938,female,-1,White,non-college,0,Dem,.24747781,.044467814,1
1940,female,0,White,college,0,Dem,-1.182656,.34194106,1
1954,female,-1,White,non-college,0,Rep,1.5528622,.28858483,0
1954,female,-1,Black,college,0,Rep,-.63471013,.61846107,0
1967,male,0,Other,non-college,1,,-.18869904,.28021789,0
1939,male,-1,White,college,0,Rep,-1.354579,.35535944,0
1941,female,-1,Latinx,college,0,Rep,.30173236,.47307485,0
1940,male,1,White,college,0,Dem,-1.3551331,.68345976,0
1966,female,1,White,non-college,1,Dem,.73776531,.75991523,1
1983,female,0,Latinx,college,1,,-2.7141025,.78137213,1
1958,female,1,Black,non-college,0,Dem,-2.0251861,.62639844,1
1944,female,1,White,college,0,Rep,.34074908,.82740396,1
1968,female,-1,White,college,1,Rep,.50921565,.26855692,0
1980,male,-1,Latinx,college,1,Rep,-1.1323949,.19783497,0
1961,female,1,White,college,1,Dem,.23275131,.24515808,1
1946,female,-1,Latinx,non-college,0,Rep,-.96980447,.22680441,0
1951,female,0,Black,college,1,Dem,-.18264325,.56381518,1
1945,female,-1,White,college,0,Rep,1.8293775,.69217807,0
1954,male,-1,White,college,0,Rep,-.56362534,.8909744,0
1954,male,-1,White,non-college,0,Rep,.76461458,.08590477,0
1936,male,1,White,college,0,Dem,.50320667,.15370855,1
1957,female,-1,White,non-college,1,Rep,1.6955032,.73382539,0
1959,male,0,White,college,0,Rep,-.034005344,.041955024,0
1937,female,1,White,non-college,0,Dem,-1.6646104,.24580722,1
1936,male,-1,Other,college,1,Rep,-.1639955,.98119873,0
1965,male,-1,White,non-college,1,Rep,-.8739894,.25832137,0
1953,female,-1,Other,college,0,Rep,-.10075997,.38649884,0
1945,male,1,White,college,0,Dem,.23603326,.24388702,0
1968,female,0,Black,college,1,Dem,-.16169447,.34452298,1
1971,male,-1,White,college,1,Rep,-.80011559,.39543486,0
1943,male,-1,White,college,0,Rep,1.3683306,.64983934,0
1947,female,1,White,college,1,Rep,2.0811367,.7391783,0
1964,male,-1,White,non-college,1,Rep,-.09729261,.46411383,0
1962,female,-1,White,non-college,1,Rep,-.023552693,.37654927,0
1955,male,-1,White,college,0,Rep,3.0987523,.76829815,0
1937,female,-1,White,non-college,0,Rep,-.42665282,.0028177609,0
1946,female,1,White,non-college,0,Dem,-.58250952,.59783828,1
1972,male,0,Latinx,college,1,Dem,-.54044032,.60962653,1
1953,male,0,White,non-college,0,Dem,.69155532,.27802876,0
1957,female,-1,White,non-college,0,Rep,-2.0205777,.11938751,0
1946,female,1,White,non-college,0,Dem,1.3551892,.63510418,1
1955,female,-1,White,non-college,0,Rep,-.83807665,.54064095,0
1965,male,1,Latinx,non-college,1,Dem,-.021145627,.13941747,1
1949,male,0,White,non-college,0,Dem,1.088447,.90717685,1
1959,male,-1,White,non-college,0,Rep,.16176808,.80607921,0
1930,male,0,White,college,0,Dem,-.52804756,.96905994,0
1962,male,-1,White,non-college,1,Rep,2.2940433,.053780861,0
1960,female,-1,White,non-college,1,Rep,1.925809,.71207422,0
1978,male,0,White,non-college,1,Rep,.7317636,.73663205,0
1947,male,1,White,college,0,Dem,-2.4008832,.82527226,1
1954,female,1,White,college,0,Dem,-.080126658,.34828365,1
1949,male,1,White,non-college,0,Dem,-.54104018,.96368486,1
1940,female,1,White,college,1,Dem,-2.076725,.19864808,1
1945,female,-1,White,college,0,Rep,-.21897545,.31809562,0
1954,female,-1,White,non-college,0,Rep,.40871587,.90501094,0
1947,female,-1,White,college,0,,-.012831527,.33644369,0
1958,female,1,White,college,0,Dem,-1.1361448,.40979633,0
1953,female,-1,White,non-college,0,Rep,1.1121778,.42568564,0
1957,male,-1,Latinx,college,0,Dem,.35453492,.7390644,1
1969,male,-1,White,college,1,Rep,-.98837566,.4741427,0
1944,female,-1,White,non-college,0,Rep,-.16163455,.74918735,0
1960,female,-1,White,non-college,0,Rep,.13877985,.029342795,1
1959,female,1,Other,non-college,0,Rep,.68378347,.092063159,0
1989,male,1,White,college,1,Dem,.36528295,.78687972,1
1942,female,-1,White,non-college,0,Rep,-.12323743,.71745497,0
1978,male,0,White,college,1,,-.91914779,.60254145,0
1936,male,0,White,college,0,,-.5032239,.79475212,0
1947,female,1,White,college,0,Dem,.68269461,.6703577,1
1974,female,0,White,college,1,Dem,.53256387,.52193034,1
1955,male,-1,White,non-college,1,Rep,.28218389,.50912887,0
1961,female,0,White,non-college,0,Dem,-.063293189,.60538065,1
1930,female,-1,White,college,1,Rep,-.53610587,.53970927,0
1953,male,0,White,college,0,Rep,-2.302603,.1305951,0
1937,female,1,White,non-college,0,Dem,-.21701975,.42733458,1
1944,male,-1,White,non-college,0,Rep,1.2549472,.68616396,0
1955,male,-1,White,non-college,0,Rep,2.1821671,.067119047,0
1945,female,1,White,college,0,Dem,-1.7232689,.77132654,1
1945,male,1,Black,college,0,Dem,-.53670776,.51331121,1
1946,male,-1,White,college,0,Rep,.59130013,.91042197,0
1947,male,-1,White,college,0,Rep,-.39410713,.82759869,0
1969,female,1,Latinx,non-college,1,,1.0452714,.23821114,1
1940,female,0,White,non-college,0,Dem,-.51162952,.2757934,1
1984,female,-1,White,college,1,Rep,-.39181256,.80336744,0
1965,female,0,White,college,1,Rep,.87997007,.31333503,0
1978,female,1,White,non-college,1,Dem,.5133546,.11070447,1
1942,male,0,White,college,0,Dem,.96715277,.68124813,0
1942,female,0,White,non-college,0,Rep,-.023027925,.36525324,0
1940,female,1,Latinx,non-college,0,Dem,-.26232839,.67528397,1
1953,male,-1,Other,college,1,Rep,1.8010167,.0055359518,0
1975,female,0,Latinx,college,1,,-.048492923,.42614219,1
1943,female,0,White,college,0,Dem,-.08648289,.62977606,0
1946,male,1,Black,non-college,0,Dem,2.0781267,.82569861,1
1951,female,1,White,college,0,Dem,.85048312,.90074146,1
1957,male,1,White,college,1,Dem,-.049518712,.99588871,1
1982,female,-1,White,non-college,1,Rep,.89162868,.43553868,0
1949,male,-1,White,non-college,0,Rep,-.97154737,.5303241,0
1961,male,0,Black,non-college,0,Dem,-.3144843,.90574068,1
1964,female,0,White,college,0,Rep,.83041745,.43000039,1
1994,male,0,White,college,1,,.14698754,.11961249,0
1993,male,0,Latinx,non-college,1,Rep,.93275666,.72034609,0
1980,male,0,White,college,0,Rep,.95319611,.1833154,0
1968,male,-1,White,college,1,Rep,-.69761699,.0090015782,0
1957,male,-1,White,non-college,1,Rep,1.392326,.44530699,0
1941,female,1,White,college,0,Dem,.18046069,.27925304,1
1943,female,-1,White,college,0,Rep,-.65013266,.33847618,0
1984,female,-1,White,college,1,Rep,1.7682672,.68864512,0
1956,male,0,Black,college,1,Dem,1.1014372,.19356336,1
1962,male,1,Other,college,1,,-1.0248488,.53583717,1
1957,male,1,White,non-college,1,Dem,-1.8550888,.69305676,1
1956,male,-1,White,non-college,0,Rep,.96967912,.86983877,0
1966,female,1,White,college,1,Dem,-.10417167,.12808536,1
1941,male,-1,Latinx,college,0,,-.33711433,.83469856,0
1957,female,0,White,non-college,0,Dem,-.18791316,.79068875,0
1959,female,1,White,college,1,Dem,.10934002,.13185498,1
1954,female,1,White,college,1,Dem,.55126798,.75232464,1
1962,female,1,White,college,1,Dem,.46998075,.60030556,1
1969,female,-1,White,non-college,1,Rep,.1921376,.98302287,0
1936,male,1,White,college,0,Dem,-.27301034,.11256839,1
1962,female,0,White,non-college,1,,.059029374,.7231124,1
1944,female,-1,Latinx,college,0,Dem,-1.022203,.45250633,0
1954,female,1,White,college,0,Dem,-.37697998,.68713307,0
1977,female,-1,Latinx,college,1,Rep,1.0907885,.14472452,0
1948,male,-1,White,non-college,0,Rep,-.18073757,.098180793,0
1956,female,-1,Other,college,0,,-1.0857271,.30491418,1
1983,male,0,White,college,1,,-.57596195,.126504,1
1953,female,0,White,non-college,0,Dem,1.6304182,.91803902,1
1985,male,1,Latinx,non-college,1,Rep,.30807871,.22873624,0
1950,female,1,White,college,0,Dem,1.3246086,.050643668,0
1984,female,0,Latinx,college,1,Dem,-.75460702,.16088864,1
1942,male,0,Other,non-college,0,Rep,.084727995,.29991093,0
1952,female,1,Latinx,college,0,Dem,-1.9446577,.73847932,0
1973,male,1,Other,college,0,Dem,1.2036408,.7389487,1
1946,female,-1,White,non-college,0,Rep,-.7905578,.50651169,1
1955,female,1,White,non-college,0,Dem,.28896511,.83014351,1
1955,female,1,White,non-college,1,Dem,.91651845,.29185686,1
1973,male,-1,White,non-college,1,Rep,.4983941,.61588728,0
1948,female,1,White,college,0,Dem,1.278025,.48200256,0
1958,male,-1,Latinx,college,1,,-1.4144411,.6626246,0
1960,male,0,Latinx,college,1,Rep,-.022743905,.34073898,0
1983,female,1,Black,non-college,1,Dem,.19492164,.39643562,1
1948,male,1,White,college,0,Dem,-2.6923616,.70266318,1
1981,female,0,White,non-college,0,Dem,-1.0344915,.60201257,1
1942,male,0,White,college,1,Dem,-.028135354,.093200557,1
1984,male,-1,Latinx,college,1,Rep,-.35575381,.82045561,0
1948,female,0,White,non-college,0,Dem,1.7682126,.29657122,1
1970,male,0,Latinx,college,0,Dem,-.82267553,.11106521,0
1951,female,0,Latinx,non-college,0,Dem,1.5077099,.70154905,0
1972,female,1,White,college,0,Dem,1.8250519,.089540087,1
1948,female,-1,White,college,0,Rep,.15308258,.34792084,0
1960,female,-1,White,college,1,Rep,.57995278,.30437204,0
1951,male,-1,Other,non-college,0,Rep,.16199681,.35315892,0
1943,female,-1,White,college,0,,.2171099,.31520101,0
1943,female,1,Latinx,college,0,,-.84135574,.33300713,1
1938,male,1,White,college,0,Dem,1.0489537,.67503697,0
1957,female,-1,White,college,1,Rep,-.048820693,.36225408,0
1947,female,1,White,non-college,1,Dem,-.029754983,.6359542,1
1949,male,-1,White,college,0,Rep,.4430865,.14180082,0
1957,female,-1,Black,college,0,Rep,.87983549,.98702276,0
1956,female,-1,Other,college,1,Rep,.80974108,.015484751,0
1945,female,1,White,non-college,0,Dem,-.61253202,.35440609,0
1960,male,0,White,non-college,1,Dem,.41105604,.49075067,1
1969,female,-1,Black,non-college,0,Dem,.22903757,.20434016,1
1971,male,0,White,college,1,Dem,-.48848513,.13464212,1
1983,female,0,White,college,1,Rep,.63800925,.25719434,0
1959,female,-1,White,college,0,Rep,.28523913,.77893299,0
1958,female,0,Latinx,non-college,0,Dem,.4048067,.66341776,1
1943,male,-1,White,non-college,0,Rep,-1.5935929,.97636443,0
1955,female,1,White,non-college,0,Dem,.75471562,.10539116,1
1946,female,1,White,college,0,Dem,.59899539,.49712104,1
1950,female,1,White,non-college,0,Dem,-1.2435137,.59658337,0
1946,female,1,Black,college,0,Dem,-.49088165,.5449993,1
1953,male,-1,Other,college,0,Rep,-.77217412,.5283519,0
1955,female,1,White,college,0,Dem,-.22158878,.94513184,1
1944,female,1,Latinx,non-college,0,Rep,-.010105319,.54351377,0
1945,female,0,White,college,0,Dem,.63469863,.52340001,1
1962,female,1,Latinx,college,1,Dem,.21322511,.78882325,0
1946,female,0,Black,non-college,1,Dem,-1.1424981,.72627044,1
1928,female,-1,Other,college,0,Rep,.017038185,.74673229,0
1958,female,-1,White,college,1,Rep,1.5409919,.67173612,1
1966,male,-1,Latinx,college,1,Rep,-1.4094967,.47397858,0
1988,female,1,White,college,0,Rep,-1.9890306,.36350483,1
1953,female,1,White,college,0,Dem,1.6366458,.31064254,1
1964,male,1,White,college,1,Dem,1.9064068,.2604253,0
1958,male,1,White,college,0,Dem,-.23910172,.82018256,1
1958,female,0,White,college,1,Rep,.014519183,.7534368,0
1948,female,1,White,college,0,Dem,.84658104,.3596561,1
1954,female,0,Black,college,0,Dem,-.38075456,.93636715,1
1969,male,0,White,non-college,0,Dem,.61804712,.41457775,0
1952,male,1,White,college,0,Dem,.83230758,.60295278,1
1928,female,-1,White,non-college,0,Rep,.27206162,.48522052,0
1992,male,0,White,college,1,,-1.2494059,.45794827,1
1972,male,-1,Other,college,1,Rep,-1.3090987,.30402538,0
1976,female,0,Black,college,1,,-1.6602921,.44601244,1
1994,male,0,Latinx,college,0,Rep,.63739139,.97985172,0
1967,male,1,White,college,1,Dem,-1.0079883,.94125897,1
1970,female,1,Latinx,college,1,Dem,.10997849,.10979228,1
1970,female,1,White,college,1,Dem,-1.3213208,.93719858,1
1992,female,1,Other,college,1,,.079546146,.5666846,1
1952,female,1,White,college,0,Dem,-1.0939212,.95987517,0
1940,male,0,White,non-college,0,,2.114599,.10980643,1
1980,female,1,Black,college,1,Dem,.0024344421,.20752785,1
1954,female,0,White,non-college,0,Rep,.94859219,.088209331,0
1953,female,0,Other,college,1,Dem,.88493198,.28956139,1
1958,female,-1,White,non-college,1,Rep,-.50135618,.64862901,0
1947,male,-1,Latinx,non-college,0,Dem,1.0917439,.41431057,1
1974,male,1,Other,college,0,Dem,-1.0885845,.30383733,1
1940,male,1,White,college,0,Dem,-1.3095034,.96874774,1
1971,female,-1,Latinx,college,1,Rep,.61485344,.3124674,0
1932,male,-1,White,college,0,Rep,.22348219,.11773925,0
1965,female,1,White,college,1,Dem,2.3104413,.57279545,1
1949,male,-1,White,college,0,Rep,1.0094591,.61252058,1
1970,female,0,Latinx,college,1,Dem,-.016316108,.6045503,1
1945,male,-1,White,college,1,Rep,-.53494507,.69547254,0
1965,female,1,Black,college,1,Dem,-.29086381,.46023887,1
1943,male,-1,White,non-college,0,Rep,-.75185412,.319267,0
1972,male,-1,White,non-college,1,Rep,-1.6343665,.86761642,0
1942,female,1,White,college,1,,.77407366,.38713998,1
1972,female,1,Black,college,1,Dem,.62669384,.018302543,1
1963,female,-1,Latinx,college,1,Rep,.020678254,.20671825,0
1932,male,-1,Latinx,college,1,Rep,-1.5516962,.46555847,0
1949,female,-1,White,non-college,0,Rep,-.028531497,.94287223,0
1957,female,-1,White,non-college,0,Rep,.63505375,.40608758,0
1956,female,1,Black,college,1,Dem,.40510139,.66578293,1
1956,female,-1,Other,college,1,Rep,-.032184608,.82672745,0
1955,male,-1,White,non-college,1,Rep,.43645921,.095084205,0
1964,male,-1,White,non-college,0,Rep,-.46756765,.37393406,0
1971,male,-1,White,college,1,Rep,-1.7352666,.68208581,0
1954,female,1,White,college,0,Dem,.630238,.35076505,1
1955,female,-1,White,non-college,0,Rep,1.0716958,.27194679,0
1961,female,-1,White,college,0,Rep,1.063495,.20478567,0
1941,female,0,Latinx,college,0,Dem,.11507855,.65770191,0
1986,male,0,Black,college,1,Dem,-.50802863,.053050756,1
1949,male,-1,White,college,0,Rep,1.1996112,.50019801,0
1952,male,-1,White,college,1,Rep,1.0657988,.043745078,0
1972,male,-1,White,college,1,,1.7388229,.18407212,0
1986,male,1,White,non-college,1,Dem,-2.4115789,.76231444,1
1966,male,1,White,college,1,Dem,.60950971,.61771876,1
1946,female,1,Black,college,0,Dem,-.33706766,.41280088,1
1955,female,0,Black,non-college,1,Dem,2.3181496,.64099085,1
1947,female,1,White,college,0,Dem,-.26371288,.59356302,1
1975,male,1,White,college,1,Dem,-.74624181,.89509171,1
1947,male,1,White,college,0,Dem,-.71967351,.413241,1
1956,male,-1,White,non-college,1,Rep,-.34028047,.024935991,0
1979,female,1,Black,college,1,Dem,.25160363,.21416111,0
1958,female,1,White,college,1,Dem,.80614281,.38607806,1
1955,female,-1,White,non-college,1,Rep,.45634651,.54615027,0
1975,female,0,Other,college,1,,-1.5752443,.7512694,0
1962,male,-1,White,college,1,Rep,-1.2221006,.2837477,0
1971,female,0,White,college,1,Dem,-1.2319235,.31467307,1
1946,female,1,White,college,0,Dem,2.5547233,.29678297,1
1959,female,0,Black,college,1,Dem,.79593313,.81374723,1
1948,female,-1,Latinx,non-college,0,Rep,-.81805235,.79991192,0
1943,male,-1,Latinx,college,0,Rep,1.6042045,.96351033,0
1982,male,-1,White,non-college,1,Rep,1.2286812,.98396218,0
1963,male,0,Latinx,college,1,Rep,.20502742,.42356938,0
1961,male,-1,Latinx,non-college,1,Dem,.67952549,.35713089,0
1972,female,-1,White,college,1,Rep,-1.8823535,.5705083,0
1955,female,-1,White,college,0,Rep,.18101372,.22170426,1
1957,male,-1,White,college,0,Rep,1.388055,.63699651,0
1953,male,-1,White,non-college,1,Rep,-.49150801,.91837633,0
1949,female,-1,White,college,0,Rep,-.11150241,.61920869,0
1954,male,0,White,college,0,Dem,.54034668,.57154065,1
1960,male,-1,White,college,1,Rep,.10783317,.17438021,0
1946,male,1,White,college,0,Dem,.50033575,.92878932,1
1960,male,-1,White,college,1,Rep,.64496315,.28768399,0
1938,female,-1,Latinx,college,0,Rep,.21281072,.031342428,1
1959,male,0,White,college,1,Dem,1.0396659,.26875851,1
1957,female,1,White,college,1,Dem,1.6524392,.88055164,1
1968,male,-1,White,college,1,Rep,.49384588,.51269281,1
1941,female,-1,Other,non-college,0,,-2.0451012,.28878722,0
1944,male,-1,White,college,0,Rep,-1.089896,.055370372,0
1952,male,0,White,college,0,,-.020072807,.47683337,1
1963,male,0,Other,college,1,Rep,-1.3763834,.25193837,0
1960,female,0,White,non-college,1,Dem,-2.0234051,.020691322,0
1946,female,-1,White,college,0,Rep,-.56532401,.21635556,0
1980,male,1,Other,college,1,Dem,-.79276216,.3363004,0
1957,female,-1,White,non-college,0,Rep,-.48352435,.91530812,0
1964,male,0,White,college,1,Rep,-.95805669,.4515861,0
1944,female,0,Other,college,0,Rep,-.86639547,.54003501,0
1941,female,-1,White,college,0,Rep,-1.2057205,.93591201,0
1954,male,0,White,non-college,0,Rep,.39685583,.51990789,0
1955,male,-1,White,college,1,Rep,.35037982,.49413839,0
1969,male,1,Latinx,non-college,1,Dem,1.8436835,.45145375,0
1955,female,1,White,college,0,Dem,.410615,.38183874,1
1947,female,1,White,non-college,0,Rep,1.035408,.42153153,1
1961,female,-1,White,college,0,Rep,1.1541512,.9957577,0
1939,female,-1,Latinx,college,0,Rep,-2.188431,.3088012,0
1945,female,-1,White,college,1,Rep,-.87397116,.096846029,0
1956,female,-1,White,college,1,,.39078748,.89582407,1
1951,male,1,White,non-college,1,Dem,1.1802341,.48905429,1
1962,female,-1,White,college,0,Rep,2.5267148,.87611216,0
1981,female,-1,White,non-college,1,Rep,-.27882159,.203471,0
1949,male,0,White,college,0,,-1.8933891,.40459722,0
1975,male,-1,White,college,1,Rep,.94302619,.32556149,0
1959,male,-1,White,non-college,0,Rep,.002621284,.78180557,0
1960,male,0,White,college,1,,-.56364185,.67309147,0
1944,female,-1,White,college,0,Rep,-1.4872428,.28535393,0
1949,female,-1,White,college,0,Rep,.077213168,.50696194,0
1966,female,0,Black,non-college,0,Dem,.15057531,.97686219,1
1950,female,-1,White,college,0,Rep,-.3392947,.63675648,0
1964,male,0,White,non-college,1,Rep,-.50230348,.228384,0
1984,female,0,Other,college,1,Dem,-.18133156,.16352703,0
1944,male,-1,White,college,0,Rep,-1.9736695,.40889293,0
1935,male,-1,Other,college,0,,1.1250795,.47133011,0
1952,female,-1,Other,college,0,Rep,-1.1214051,.48680535,0
1956,male,0,White,college,1,Dem,.080281235,.000120462,0
1951,male,-1,Black,non-college,0,Dem,.71414793,.45200723,1
1949,male,0,White,college,0,Dem,.27807987,.96896505,1
1952,female,0,White,college,0,Dem,-.88423586,.39172098,1
1946,female,1,White,non-college,0,Dem,.44061601,.91112262,1
1945,female,0,White,college,0,Dem,.72573805,.41116598,1
1979,male,-1,White,college,1,Rep,-.38933095,.82318306,0
1954,male,1,White,college,1,Dem,1.3082951,.2482547,1
1926,male,0,Latinx,college,0,,-1.617589,.074306585,0
1979,female,-1,White,college,1,Rep,.72352242,.80225343,0
1935,male,-1,White,non-college,0,Dem,1.2258418,.93709064,1
1953,female,1,White,college,0,Dem,1.053969,.88677812,1
1965,female,-1,Latinx,non-college,0,Rep,-1.4992975,.20091489,1
1961,male,-1,Latinx,college,1,Rep,1.8038236,.17681296,0
1987,female,1,Latinx,college,0,Dem,.80407697,.52052784,1
1957,male,0,Latinx,college,1,Rep,-.48067132,.87510592,0
1959,female,1,White,college,0,Dem,2.5449629,.83335143,1
1944,male,-1,Other,college,0,Rep,-.80816531,.91115773,0
1951,female,1,White,college,0,,.36606282,.26820138,1
1972,female,0,White,college,1,Rep,.8542738,.39015159,0
1953,male,1,White,college,0,Dem,1.2669789,.92152852,1
1987,male,1,Latinx,college,1,Dem,-1.3980632,.36649016,1
1968,male,-1,Other,non-college,1,Dem,-1.3371617,.86158556,1
1946,female,0,White,non-college,0,Dem,-1.066238,.53532016,1
1933,male,-1,White,non-college,0,Rep,.51812005,.70317984,0
1977,male,1,White,college,1,Dem,-.17840557,.64283705,0
1952,female,1,White,college,1,,1.2703592,.99713898,1
1945,female,1,White,college,0,Dem,.054161005,.84029186,1
1943,male,-1,White,non-college,1,Rep,-.33131719,.51931745,0
1955,male,-1,White,non-college,1,Rep,.6267724,.27433464,0
1986,male,-1,Other,non-college,0,Rep,-.58923131,.66173702,1
1956,female,-1,White,college,1,Rep,1.7291199,.48067984,0
1942,male,0,White,college,0,Rep,-1.7731509,.18220387,0
1938,female,-1,White,college,0,,-.422488,.60949183,0
1974,male,-1,Other,college,1,Rep,-.9086532,.69947702,0
1976,male,-1,White,college,1,Rep,1.7858696,.74959409,0
1958,female,0,Latinx,college,1,,-.23392797,.17409053,0
1947,female,-1,White,college,1,Rep,-.88588166,.89776629,0
1955,female,0,White,college,0,Dem,.38070199,.74857968,1
1945,male,1,Other,non-college,0,Rep,.068711624,.95128256,0
1960,male,-1,Latinx,non-college,1,Rep,1.1055629,.62656611,0
1943,male,-1,White,college,1,Rep,1.2057272,.80217177,0
1960,female,1,White,college,1,Dem,.54357076,.88460135,0
1949,female,1,White,non-college,1,Dem,.74374467,.70746106,1
1952,male,0,Latinx,college,1,Dem,1.1391342,.6446538,1
1966,female,1,Black,college,1,Dem,-.57557863,.050720643,1
1942,female,1,White,college,0,,-.61128044,.15154076,1
1946,female,0,Other,college,0,,-.84325033,.023771672,1
1934,female,1,Latinx,non-college,0,Dem,1.2293894,.17249312,1
1950,male,1,White,college,0,Dem,-.65862757,.19866934,0
1948,female,1,White,non-college,1,Dem,-1.596496,.5394187,0
1964,female,1,White,non-college,0,Dem,.73061305,.4613283,1
1943,female,-1,White,non-college,1,Rep,.32810324,.71968377,0
1970,male,0,White,college,1,Dem,-1.5412664,.041406844,0
1958,male,0,White,college,0,Dem,1.2936074,.9752354,1
1957,male,-1,White,non-college,1,Rep,-2.3241391,.16014907,0
1969,female,0,Latinx,college,0,Rep,-1.5056653,.97088814,1
1963,female,-1,White,non-college,1,Rep,-.40169004,.0087096049,0
1982,male,1,White,college,1,Dem,1.2360346,.28838125,1
1970,female,-1,White,non-college,1,Rep,-.28305313,.98322552,0
1935,male,-1,White,college,0,Dem,-2.0186284,.38770291,0
1983,female,-1,White,college,0,Rep,.87615931,.61397439,0
1985,female,1,White,college,0,Dem,.8238045,.38190687,1
1981,female,1,Latinx,college,1,Dem,-.30033046,.99540299,1
1953,female,-1,White,college,1,,2.1674049,.015477319,0
1940,male,-1,White,non-college,1,Rep,-.19744304,.40969503,1
1945,female,-1,White,college,0,Rep,-2.8285909,.16210978,0
1943,female,-1,White,college,0,Rep,-.92196411,.24287103,0
1951,male,1,White,non-college,1,Dem,.46419817,.74861646,1
1968,male,-1,White,college,0,Rep,-1.6851037,.012242365,0
1959,female,-1,White,college,0,Rep,.49142572,.8697781,0
1942,male,-1,White,college,0,Rep,.5792225,.73184955,0
1947,female,1,White,college,0,Dem,1.1430584,.41268829,1
1946,female,-1,White,college,0,Rep,.66832072,.46510985,0
1973,female,0,Black,college,1,Dem,-.97186518,.20829047,1
1974,female,0,White,college,0,Rep,-.41405842,.45839232,0
1985,male,-1,White,college,1,Rep,2.2631223,.098105378,0
1956,male,1,White,college,0,Dem,2.0064976,.28610927,1
1972,female,0,White,college,1,Rep,.12567598,.10180184,0
1961,male,-1,Other,college,0,Rep,-1.635608,.6006164,0
1955,female,-1,Latinx,college,0,Rep,-1.2496288,.86821467,0
1952,male,-1,Latinx,college,1,Dem,-1.4203951,.14443362,0
1961,male,-1,Latinx,college,1,Dem,.50771916,.24360308,1
1965,female,-1,Other,college,1,Rep,.026901022,.40478766,0
1960,male,-1,Other,college,0,Rep,-.47580889,.65121138,0
1952,male,0,White,college,0,,.32798147,.34062189,0
1986,male,0,White,college,1,Dem,.062273063,.66586542,0
1948,male,0,White,college,0,Dem,-.6876322,.49206373,1
1937,male,1,White,college,0,Dem,.75400907,.33550155,0
1957,male,0,Black,college,1,Dem,-.3731949,.52116972,1
1964,male,1,White,college,0,Dem,1.3660475,.22164781,1
1946,female,-1,White,non-college,0,Rep,-.34031701,.83449197,0
1976,female,-1,Other,non-college,1,Rep,-.24836287,.1511943,0
1958,female,1,White,college,1,Dem,1.263764,.48534581,1
1934,female,1,White,college,0,Dem,.76150882,.89216644,0
1946,male,-1,Other,college,0,Rep,.87764519,.5131045,0
1940,female,1,White,non-college,1,Dem,-.27312061,.60349882,0
1945,male,-1,Other,non-college,0,Dem,-.76274592,.96422082,1
1966,male,-1,White,college,1,Rep,.94593799,.022698512,0
1977,female,1,White,college,1,Dem,.67589897,.75513607,1
1965,male,-1,Other,college,1,Rep,.9197318,.73684168,0
1945,female,0,White,college,1,Dem,-.51649868,.55371857,0
1956,male,-1,White,college,1,Rep,-.81775147,.003503398,0
1947,male,-1,Latinx,non-college,1,Rep,.80552357,.032193124,0
1964,female,-1,Black,college,0,Dem,.5214687,.71500719,1
1945,female,0,White,non-college,0,Dem,1.5875585,.66979295,0
1952,male,-1,White,non-college,1,Rep,1.7561222,.58596569,0
1966,male,-1,White,college,1,Rep,1.4793533,.38776264,0
1949,female,1,White,non-college,0,Dem,-.487459,.5205943,0
1976,male,1,White,non-college,1,Dem,-.46696547,.61843133,1
1973,male,-1,White,college,1,Rep,-.77317244,.35828394,0
1961,male,0,Black,college,1,Dem,-2.5968955,.51236922,1
1954,male,1,White,college,1,Rep,-.74960232,.000045126599,0
1955,female,1,Latinx,non-college,0,Dem,.77259487,.13435666,1
1963,male,1,Other,college,1,Dem,.65522438,.23427194,0
1994,male,1,White,college,1,Dem,.11133383,.11849439,1
1953,male,0,Black,non-college,0,Dem,-1.7156963,.36369601,1
1942,female,-1,White,non-college,0,Rep,-.67288595,.781582,0
1952,female,1,White,college,0,Dem,.6032601,.0059825941,0
1945,female,-1,White,non-college,0,Rep,1.0713489,.037990414,0
1950,male,0,Black,college,0,Dem,-.99699026,.60074067,1
1973,female,-1,White,college,1,Rep,-1.1541382,.57763445,0
1951,male,1,White,college,0,Dem,-.36325821,.45500308,1
1973,female,-1,White,college,1,Rep,.17645398,.627141,0
1984,female,-1,Latinx,college,1,Rep,-.20241173,.31284627,0
1970,female,-1,Latinx,college,0,Rep,-.0072386232,.21719718,0
1932,female,-1,White,non-college,0,Rep,-1.5845364,.68353665,0
1954,female,0,White,non-college,0,Dem,-.94567424,.42143229,1
1958,female,0,Latinx,college,0,Dem,.19385639,.94105941,1
1948,female,0,White,non-college,0,Dem,-.81083089,.98367798,1
1942,female,1,White,non-college,0,Dem,-.40201351,.30731377,1
1950,female,0,White,college,0,Rep,-1.5970711,.012736181,0
1943,female,1,White,college,0,Dem,.098164745,.013907641,1
1965,female,-1,White,non-college,1,Rep,.25183424,.76779592,0
1942,male,-1,White,non-college,0,Rep,1.1260808,.67002857,0
1945,female,0,White,non-college,0,Rep,1.5130413,.20986278,0
1975,male,1,Black,college,1,Dem,-.40791026,.96609706,1
1965,male,0,White,college,1,Rep,.010714957,.82904029,0
1994,male,-1,White,college,0,Rep,-.99449641,.19900842,0
1962,male,0,Latinx,college,1,Dem,-.80919236,.74323404,0
1950,female,0,Latinx,college,0,Dem,.84028125,.16203232,1
1946,male,-1,White,college,0,,.92836535,.76847869,0
1948,female,-1,White,college,0,Rep,.5689531,.60293508,0
1953,female,1,White,non-college,0,Dem,-1.2686238,.64228141,0
1950,male,1,White,college,0,Dem,1.7575635,.66973215,1
1997,female,-1,White,college,1,Rep,.54041165,.47985736,0
1970,female,-1,White,college,0,Rep,1.6273371,.81912196,0
1940,female,1,White,college,0,Dem,-.34982175,.40159166,1
1945,male,-1,White,college,0,Rep,-.54793853,.28424355,0
1958,female,0,Black,non-college,0,Dem,-1.3138392,.002652905,1
1947,male,1,Black,non-college,1,Dem,.35695219,.65596938,1
1949,female,-1,Latinx,non-college,0,Dem,-1.5142994,.11813972,1
1948,female,0,White,non-college,1,Rep,-1.3785268,.84994769,0
1984,male,-1,White,non-college,0,Rep,.59353989,.42733207,0
1937,male,0,White,college,0,,-1.489982,.77243996,0
1958,male,-1,White,college,1,Rep,1.1491956,.29384521,0
1952,male,-1,White,non-college,1,Rep,.19649312,.67463076,0
1948,male,0,White,non-college,0,Dem,1.3232739,.67727512,1
1963,male,1,White,non-college,1,Dem,.53264683,.094579689,1
1950,female,1,White,non-college,1,Dem,.016245004,.0099344682,1
1967,female,1,White,college,0,Dem,.64957815,.27681413,0
1953,female,-1,White,college,1,Rep,1.3988807,.43069065,0
1939,male,0,White,non-college,0,Dem,-.40407276,.37712178,1
1962,female,1,White,non-college,1,Dem,-.037237506,.77035677,1
1986,female,0,Latinx,college,1,Dem,-.70293266,.35473853,1
1942,female,1,White,college,0,Dem,.12080248,.95333242,1
1930,male,-1,White,college,0,Rep,1.3909233,.90190935,0
1961,male,-1,White,non-college,1,Rep,-.65653509,.43266428,0
1944,male,-1,White,college,0,Rep,1.6310005,.52980232,0
1935,male,1,Latinx,non-college,0,Rep,.69388688,.49574026,0
1967,female,0,White,college,1,Dem,-.16389938,.89076346,1
1989,male,-1,Other,non-college,1,Rep,-.94469142,.30044612,0
1989,male,-1,White,college,1,Rep,-.52235568,.26319593,0
1944,male,1,Black,non-college,0,Dem,.54012001,.033602696,1
1946,male,-1,White,non-college,0,Rep,1.7483956,.35463873,0
1946,female,0,Black,non-college,0,Dem,-1.8356293,.66124684,1
1968,female,-1,White,college,1,Rep,2.3347554,.44590023,0
1959,male,-1,White,non-college,1,Rep,-.79729921,.94034559,0
1951,male,-1,White,college,1,Rep,-.96662951,.54905629,0
1981,female,1,White,college,1,Dem,.69761008,.37041739,1
1965,male,0,Black,non-college,1,Dem,-1.1689403,.34977368,0
1966,male,-1,White,college,1,Rep,.33120006,.11783539,0
1949,male,0,Other,non-college,0,Rep,-1.1222708,.18701382,1
1942,male,-1,Other,college,0,Rep,.95604122,.36748105,0
1987,female,1,White,college,1,Dem,.40299541,.27280027,1
1966,male,0,White,college,0,Dem,1.1335751,.8370201,1
1979,male,1,White,college,1,Dem,-.12247955,.15011023,0
1954,female,1,Black,non-college,1,Dem,.41487479,.79878372,1
1976,male,-1,Latinx,college,1,Rep,.1083679,.79778457,0
1958,female,1,White,college,1,Dem,.79517025,.21741171,1
1955,female,1,White,college,1,,-.151015,.31296727,1
1940,female,-1,White,non-college,0,Rep,1.7653335,.27466235,0
1984,male,1,Black,college,1,Dem,1.2125477,.36481217,1
1989,male,0,White,college,1,Rep,.26822665,.52190304,0
1989,male,-1,White,non-college,1,Rep,-.4909023,.64026213,0
1958,female,1,Other,college,0,Dem,.49482939,.93799579,1
1978,female,1,White,non-college,1,,.29794732,.39514107,1
1986,female,1,White,college,1,Dem,-.68048519,.53288484,1
1977,male,1,White,college,1,Dem,-.084776528,.57471067,0
1955,male,-1,White,college,1,Rep,.44865161,.046794269,0
1946,female,-1,White,college,0,Rep,-.61883974,.92212415,0
1961,male,-1,Latinx,non-college,1,Rep,-1.20657,.20658126,1
1974,male,1,Other,college,1,Dem,-1.5677458,.10270939,0
1939,male,0,White,college,0,Dem,-.91203696,.77298677,0
1952,male,0,Other,non-college,0,Rep,1.2580452,.5307622,0
1938,female,-1,White,non-college,0,Rep,.97051716,.033319421,0
1956,female,1,Black,college,1,Dem,-.56248206,.10809442,1
1942,male,-1,White,non-college,0,Rep,1.1166517,.64539272,0
1966,male,-1,White,non-college,1,,-.27820402,.22626789,0
1961,female,-1,White,non-college,0,Rep,-.32596484,.10538911,1
1958,female,0,White,non-college,0,Dem,-2.3048801,.61191487,1
1955,male,-1,Other,college,1,Rep,-.62767392,.16110604,0
1961,male,-1,Other,college,1,Rep,1.5972196,.18311825,0
1958,male,1,Latinx,non-college,0,Dem,1.1770779,.54653472,1
1951,male,-1,Latinx,college,1,Dem,1.7009567,.95117772,1
1969,male,1,Black,college,1,Dem,-.054647531,.46612063,1
1937,male,1,White,college,0,Dem,.35021886,.00419751,0
1986,female,-1,White,college,0,Rep,.67874283,.84036207,0
1950,female,-1,White,non-college,0,Dem,1.4612669,.42475456,1
1977,female,1,Latinx,non-college,0,Dem,.60733002,.88792962,1
1956,male,-1,White,college,1,Rep,-1.2520289,.4710438,0
1987,male,1,Latinx,college,1,Dem,.62822723,.23050496,0
1945,female,-1,White,non-college,0,Rep,-.96821672,.97022521,0
1984,female,0,White,college,1,Rep,-1.7830716,.39248121,0
1969,male,1,White,non-college,0,Dem,-1.2360318,.17062528,1
1948,male,0,Black,non-college,0,Dem,.46968874,.10956696,1
1937,male,-1,White,college,0,Rep,-1.4320922,.41991356,0
1948,female,-1,White,non-college,0,Rep,1.3005763,.53883636,0
1952,female,0,Other,non-college,0,Dem,-.25251025,.1259813,1
1929,male,0,Other,non-college,0,Dem,-.8377617,.50810421,1
1939,female,-1,White,college,0,Rep,.57488948,.73281515,0
1953,female,1,White,college,0,Dem,-.59292424,.32989922,1
1946,female,-1,Black,non-college,1,Dem,-1.0717566,.79763329,0
1969,male,-1,White,college,1,Rep,-1.5409591,.057006329,0
1950,female,-1,White,non-college,0,Rep,-.46257281,.43108127,0
1977,female,0,Latinx,non-college,1,Dem,-.81212223,.099011377,1
1946,male,-1,White,college,0,Rep,-.60576838,.79209179,0
1956,female,-1,White,non-college,0,Rep,.17383572,.729568,0
1967,male,1,Black,non-college,1,Dem,.41913962,.55131531,1
1969,male,-1,Latinx,college,1,Rep,-.75646567,.88295877,0
1989,male,-1,White,college,1,Rep,.41735131,.51564777,0
1987,female,-1,Black,college,0,Dem,-1.6111295,.88041246,1
1943,male,-1,White,college,0,Rep,-.018341782,.017926415,0
1983,male,-1,White,college,1,Rep,1.2289114,.4449583,0
1935,female,1,White,college,0,Dem,-1.7384769,.87319922,1
1977,male,-1,Latinx,college,1,,-.34870341,.30054078,1
1965,male,0,White,non-college,1,Rep,.56956869,.58531374,0
1980,male,1,White,college,1,Dem,-.40630734,.5009011,0
1952,male,1,White,non-college,0,Dem,-1.1130471,.7278859,0
1992,male,0,White,non-college,1,,-.76916587,.11980379,1
1983,female,1,Latinx,college,1,Dem,-.43319422,.82061589,1
1993,female,-1,Other,non-college,1,Rep,1.4110411,.44697502,0
1992,female,-1,Latinx,college,1,Dem,-.16711396,.0096947411,0
1948,female,1,Black,non-college,0,Dem,1.5707335,.94053674,0
1969,male,0,Latinx,college,1,Dem,.49858293,.78757393,0
1949,female,-1,White,college,0,Dem,.41627234,.97600353,1
1947,male,-1,White,college,0,Rep,2.7040925,.71993726,0
1964,male,-1,White,college,1,Rep,.15030456,.87998307,0
1958,male,1,White,non-college,0,Dem,-.23152195,.75508022,1
1984,male,-1,White,college,1,Rep,-.4077439,.49866605,0
1979,female,-1,White,non-college,0,,-1.6345143,.81107128,0
1993,female,-1,White,college,1,,-1.1092932,.28383443,0
1968,male,0,White,college,1,Dem,-.37015718,.9348492,0
1945,female,0,White,non-college,0,Rep,.75190091,.84019053,0
1956,female,-1,Latinx,non-college,1,Dem,.6728946,.32857534,0
1944,male,1,Black,non-college,0,Dem,1.2853385,.71682769,1
1944,female,0,White,non-college,0,,.015389626,.48256397,0
1957,female,0,White,college,1,Rep,.56512552,.67804509,1
1989,female,1,Latinx,college,0,Rep,-.26274157,.95202357,1
1962,female,-1,Latinx,college,1,Dem,-2.0270152,.39706752,1
1951,female,0,Latinx,non-college,0,Dem,1.522343,.14698622,1
1963,female,1,Latinx,college,0,Dem,1.3610377,.051354248,1
1974,female,1,Other,college,0,Dem,.43894693,.22398365,1
1939,female,1,White,college,0,,-.26548067,.13223036,1
1943,male,0,White,non-college,0,Dem,1.2550226,.30392465,0
1965,female,1,Black,college,1,Dem,.69232887,.62015599,0
1954,female,-1,White,college,1,,.03401044,.94500965,0
1975,female,1,White,college,1,,-.10998423,.54715991,1
1967,male,-1,White,college,0,Rep,-.89910561,.16541462,0
1949,male,-1,White,college,0,Rep,-.51533628,.7814123,0
1976,male,-1,White,college,1,Rep,.51566017,.46843335,0
1975,female,-1,White,college,0,Rep,.052414022,.56635249,0
1989,male,1,White,non-college,1,,2.3536513,.87212938,1
1973,female,0,Latinx,college,1,Dem,.43953028,.17259619,1
1937,male,-1,White,college,0,Rep,-1.9602466,.40564033,0
1958,male,0,Other,college,0,Dem,.31492054,.21627194,1
1948,male,-1,White,non-college,0,Rep,-.65051419,.048181146,0
1958,male,-1,White,college,1,Rep,1.4879655,.10960848,0
1960,female,1,Black,college,1,Dem,-.97837663,.16676478,1
1952,female,0,White,college,0,,-.31338036,.36420405,1
1975,male,-1,White,college,1,Rep,-.23988962,.2474945,0
1975,female,0,Latinx,non-college,1,Rep,-.071147844,.70268786,0
1964,female,1,Latinx,college,0,Dem,.19525273,.62194878,1
1986,female,1,White,college,1,Dem,.83601528,.10444342,1
1947,male,-1,White,non-college,0,Rep,-.52101678,.92017639,0
1989,female,1,Latinx,college,1,Dem,-.62298054,.43324038,1
1968,female,-1,White,college,1,Rep,-1.0103221,.99944913,0
1994,male,1,Black,college,1,Rep,-.35122406,.63070655,0
1965,male,-1,White,non-college,1,Rep,.64038789,.66697115,0
1962,female,1,White,college,0,Dem,-.49308336,.69729537,1
1962,male,0,White,college,0,Dem,-1.0080029,.54161942,0
1946,male,-1,White,college,0,Rep,-.58901179,.14623648,0
1974,male,1,Latinx,non-college,1,Dem,3.0737355,.41807729,0
1971,male,-1,White,non-college,0,,.19646333,.7075668,1
1964,female,-1,Black,non-college,1,,-1.071476,.35390523,0
1940,female,0,White,college,0,Dem,.2013008,.029887427,1
1946,male,-1,White,college,0,Rep,-1.1007975,.36972624,0
1964,male,-1,White,college,1,Rep,-1.0950253,.44336683,0
1960,male,1,White,college,0,Dem,.87831676,.90458322,0
1986,male,-1,White,college,1,Dem,.36797404,.28737596,1
1994,male,-1,White,college,1,Rep,-1.2689395,.80124581,0
1957,male,-1,White,non-college,0,Rep,-.94435251,.31690371,0
1971,female,1,White,college,0,Dem,.83127052,.4711206,1
1949,female,1,White,college,0,Dem,.43860331,.67539614,1
1973,male,-1,White,college,1,Rep,-.36030731,.57378495,0
1984,male,1,White,college,0,Dem,.41592732,.803958,1
1990,male,1,White,college,1,Dem,1.8411896,.47005546,1
1980,female,1,White,college,1,,.88781983,.20117143,1
1989,female,1,White,college,1,Dem,-1.4836252,.87655288,1
1991,female,1,White,college,1,Dem,-.4169777,.42508256,1
1953,female,1,White,college,0,Rep,-.59620088,.54678166,0
1987,female,-1,White,non-college,1,Rep,.5247398,.71550047,0
1945,male,-1,White,college,0,Rep,-.64284301,.6506961,0
1954,male,-1,Other,college,0,Rep,-.63873452,.48957151,0
1948,female,-1,White,non-college,0,Rep,-.87612206,.32573041,0
1949,female,1,Latinx,non-college,0,Dem,-1.4753778,.44887161,1
1949,female,1,Latinx,non-college,0,Dem,-1.0665699,.79774207,1
1979,female,1,Other,college,1,Rep,-1.0859487,.34737083,0
1974,female,1,Other,college,1,Dem,.028653262,.36607823,1
1991,female,1,Latinx,college,0,,-1.875965,.93965447,1
1955,male,1,Black,non-college,0,Dem,-1.9082602,.29895425,1
1966,male,0,Black,non-college,1,Dem,1.3028573,.95040786,1
1952,male,1,White,college,0,Dem,.032095108,.59082007,0
1957,male,1,Latinx,college,1,Rep,-2.241802,.55198336,0
1963,female,-1,Black,non-college,1,Dem,-1.2447588,.78380859,1
1994,female,0,White,non-college,1,Rep,-1.478001,.26018974,1
1986,female,1,White,college,1,Dem,.11742586,.92489547,1
1986,male,1,White,college,1,Dem,.34319407,.35376108,1
1951,female,0,White,non-college,0,Dem,1.2691939,.88390779,1
1994,male,-1,White,non-college,0,Rep,1.3097209,.2696707,1
1987,male,1,White,college,1,Dem,.84631562,.0056878552,1
1987,female,0,White,college,0,Dem,.19135332,.74374545,1
1985,female,0,Black,college,1,Dem,.29301661,.079030886,1
1978,female,1,White,college,1,Dem,-1.7795295,.94302768,1
1952,female,1,Black,college,1,Dem,.81040186,.58763146,1
1956,male,0,Black,college,1,Dem,-.085205764,.77680808,1
1950,female,1,White,college,0,Dem,.50453144,.42500931,1
1971,male,0,Black,college,0,Dem,-.59563768,.16334103,1
1980,male,1,Latinx,college,0,Dem,-.040505666,.64165932,1
1950,female,1,White,college,0,Dem,-.79973501,.92840135,1
1947,male,-1,White,non-college,0,Rep,.63818055,.61071104,0
1956,female,1,White,non-college,0,Dem,2.0918441,.21663073,1
1949,male,1,Latinx,non-college,0,Dem,.83499527,.044212278,1
1947,male,-1,Other,college,0,Rep,1.8974394,.15807176,0
1952,male,-1,White,non-college,0,Rep,.4709565,.94231874,0
1951,male,-1,White,college,0,Rep,1.1273016,.62599295,0
1951,female,-1,White,college,0,Rep,.59875095,.023444202,0
1946,female,-1,White,college,0,Rep,-.36575261,.43025127,0
1950,female,0,Latinx,college,0,Dem,.54591084,.20049508,1
1967,male,0,White,non-college,1,Rep,.74127233,.55170995,1
1961,male,1,Black,college,0,Dem,.98191154,.26147562,1
1960,male,-1,White,college,1,Rep,-1.2687955,.64827055,0
1946,female,1,White,college,1,Dem,-.40368885,.98027521,1
1973,female,1,White,college,1,Dem,-1.3380139,.22011146,0
1980,male,-1,White,college,1,,-.54908139,.46981218,1
1971,male,0,Other,college,1,Dem,-.50151378,.86951649,0
1970,male,-1,White,college,1,,-.33052346,.52842236,0
1954,male,1,Latinx,college,1,Dem,.31297439,.12166159,1
1952,female,1,White,non-college,1,Rep,-1.1067935,.037451733,0
1979,male,-1,White,non-college,1,Rep,-1.7386632,.6979925,0
1984,female,1,Other,college,1,Dem,-2.2433984,.71092105,0
1940,female,0,Latinx,college,0,Dem,1.0448173,.93792903,0
1956,female,-1,Other,college,0,Rep,.92748559,.33354476,0
1973,male,1,White,college,1,Dem,-.86386371,.84965187,1
1975,male,-1,White,college,0,,-1.348,.79054576,0
1952,female,1,White,non-college,0,Dem,-.1451626,.39833257,1
1944,female,1,White,non-college,0,Dem,-1.3818694,.87216002,1
1954,female,0,White,non-college,1,Rep,-.43957457,.3986668,1
1953,female,-1,White,college,0,Dem,-.66880792,.62722075,0
1931,male,0,White,non-college,0,Dem,-.51500267,.74108034,1
1953,male,-1,White,college,0,Rep,-.20974095,.55697143,0
1985,male,0,Latinx,college,1,,-1.4144489,.54812503,0
1942,female,1,White,non-college,0,Dem,1.368566,.60317868,1
1975,female,1,White,college,0,Dem,-.26952654,.68797523,1
1951,male,1,White,college,0,Dem,-1.8666203,.99104553,1
1969,female,0,White,college,1,Rep,-.7480213,.72288865,0
1951,female,1,Latinx,college,0,Dem,.41844204,.65323228,1
1949,male,1,White,college,0,Dem,1.1153466,.91576296,1
1953,female,1,White,college,0,Dem,.46632239,.11803485,0
1972,female,-1,White,college,1,Dem,-.085871883,.87127727,1
1956,female,1,White,college,0,Dem,.081062123,.73919648,1
1984,male,0,White,college,1,Dem,.44162926,.15189478,1
1975,female,0,Black,college,1,Dem,.69086373,.19138938,1
1986,male,-1,Black,college,1,Rep,.96484983,.98928583,0
1942,male,1,Latinx,non-college,0,Rep,.065622255,.088523388,0
1949,male,-1,White,college,0,Rep,.29752713,.57911253,1
1981,female,1,White,non-college,1,Dem,-1.88714,.48955947,1
1948,female,-1,White,non-college,0,Rep,-.28302374,.61373818,0
1996,male,-1,Latinx,college,1,Rep,-.57246077,.64263314,0
1958,female,0,Latinx,college,0,Dem,-1.1350769,.5830211,0
1943,female,1,Other,college,0,Dem,-.99013931,.78318083,1
1949,male,1,White,college,0,Dem,.5155921,.1439575,0
1946,female,-1,White,non-college,0,Rep,-1.0906658,.65285546,0
1984,male,1,Other,non-college,0,Dem,-.44422546,.87690389,1
1949,female,1,White,college,0,Dem,-.75553662,.66185725,1
1967,female,1,White,college,1,Dem,.52849686,.77158219,1
1949,female,0,White,college,0,,1.6039895,.50252521,1
1981,female,1,White,non-college,1,,-.21953996,.45964015,1
1977,male,0,White,college,1,,-2.1037884,.44051939,0
1963,female,1,White,non-college,1,Dem,1.3665988,.55837911,0
1950,female,-1,White,college,0,Rep,-1.1732534,.37182471,0
1951,male,-1,White,college,0,Rep,-1.5268066,.48327136,0
1988,male,1,White,college,1,,-.5914374,.6076647,1
1948,male,-1,White,college,0,Rep,.20700066,.18754143,0
1949,female,0,White,non-college,0,Rep,.80926049,.26720601,0
1961,male,0,White,college,1,Dem,.19969422,.18401866,1
1946,male,-1,Other,college,0,Rep,-1.1447076,.25152597,0
1967,male,0,Latinx,college,1,Dem,-.36759222,.7450304,1
1982,female,1,White,college,1,Dem,.16222914,.28679001,1
1983,female,1,Black,non-college,1,Dem,-1.3394754,.61991382,0
1986,male,1,White,college,1,Dem,.056479201,.000701888,1
1957,female,0,White,college,0,Dem,-.063979335,.41049725,0
1957,male,1,Latinx,college,1,Dem,-.46047115,.12691206,0
1984,female,1,White,college,0,Dem,.83994633,.89707762,1
1975,male,-1,White,non-college,1,Rep,-.11025099,.86317384,0
1961,male,-1,White,college,1,Rep,.62880623,.3736617,0
1978,male,-1,White,non-college,1,Rep,-.25584298,.094075024,0
1979,male,0,Black,college,1,Dem,-.83819222,.17885163,1
1958,male,0,Other,college,1,Dem,.48349395,.04354848,0
1943,female,-1,Other,college,0,Rep,1.2724711,.59985006,0
1990,male,-1,White,college,1,Rep,-.53127366,.69373304,0
1958,female,1,Latinx,non-college,0,Dem,.90727079,.5989961,1
1978,female,-1,White,college,1,Rep,-1.3497788,.40279475,0
1954,female,-1,Latinx,college,0,Rep,-.77854109,.97678578,1
1988,female,-1,White,college,0,Rep,.99028331,.56595623,0
1989,male,0,Black,college,0,Dem,-1.5720513,.40910238,1
1958,male,1,Other,college,0,Dem,-.69581008,.71000743,0
1962,female,0,Latinx,college,0,Dem,.57542807,.85334563,0
1951,male,0,Latinx,college,1,,-.14161611,.75977278,1
1947,female,-1,Other,college,0,Rep,-.80826503,.88792735,0
1952,female,-1,White,non-college,0,Rep,1.301634,.096378595,0
1990,male,1,White,non-college,1,Dem,-2.1160896,.67430907,0
1966,male,1,White,college,0,Dem,-1.4831254,.46479869,1
1944,female,-1,Latinx,college,0,Rep,1.5390484,.45293209,0
1990,female,1,Latinx,non-college,1,,-.14227815,.21828721,1
1981,female,0,Black,non-college,1,Dem,-.6439904,.27022555,1
1949,female,1,White,college,0,Dem,2.5269282,.68293768,1
1937,male,1,White,college,0,Dem,1.3269423,.0099818297,1
1982,female,-1,White,non-college,1,Rep,-.28519544,.90117913,0
1992,male,1,White,college,1,,-.17961989,.13622549,1
1987,female,1,White,college,0,,-1.0331857,.57302076,1
1958,male,-1,White,non-college,1,Rep,-1.2012335,.74710929,0
1990,male,1,Latinx,non-college,1,Dem,-1.9648082,.54289007,1
1949,female,1,Other,non-college,0,,1.0433923,.99317312,0
1961,male,-1,White,college,1,Rep,.78810012,.70384014,0
1944,female,1,Latinx,college,0,Dem,-1.2595354,.87196147,1
1933,female,0,Latinx,non-college,0,Dem,-.31398082,.7111299,1
1979,female,1,White,non-college,1,Dem,.18736026,.354303,0
1940,female,-1,White,college,0,Rep,-.54396737,.9651556,0
1955,male,1,White,college,0,Dem,1.073848,.68999612,1
1983,female,1,Black,college,1,Dem,-.30543604,.5605408,1
1962,male,1,Black,non-college,0,Dem,-.66577327,.14242348,1
1957,male,0,White,non-college,0,Dem,-.9086327,.046026681,1
1990,female,1,Latinx,college,0,Dem,.27146158,.16808148,1
1967,female,-1,White,non-college,1,Rep,.33445537,.77285582,0
1943,female,-1,Latinx,non-college,0,Dem,-.31855148,.32788783,1
1983,female,0,White,college,1,Dem,-.99121779,.45321444,0
1951,female,1,White,college,0,,-.41794309,.15257746,1
1952,female,0,White,college,1,Dem,-.11708688,.9961682,0
1939,male,0,White,college,0,Dem,-.13170844,.06509079,0
1947,male,1,White,college,0,Dem,1.8873515,.58868802,0
1994,male,0,White,college,1,,-.84733111,.66440678,0
1954,female,-1,Other,non-college,1,Rep,-.81619769,.52570754,0
1954,female,1,White,non-college,0,Dem,-.5964011,.31703833,1
1986,female,1,White,college,1,Dem,1.068473,.84077096,1
1946,male,1,White,non-college,0,Dem,.27247202,.66127259,1
1955,male,-1,Latinx,non-college,0,Rep,.10299655,.99485654,0
1965,male,1,White,college,1,Dem,.1492396,.58299124,1
1995,female,1,White,college,1,,.050237574,.5036965,1
1957,male,1,Black,college,0,Dem,-1.1258241,.34528977,1
1963,male,0,White,college,1,Dem,.50416297,.43834528,0
1995,female,0,Other,college,0,Dem,.11133768,.82142329,1
1961,male,-1,White,college,0,Rep,.95246059,.53408462,0
1997,male,0,Black,college,0,Dem,1.2337854,.0082617085,1
1957,female,1,White,college,0,Dem,1.2210504,.69380647,1
1991,female,0,Black,college,1,Dem,-1.493929,.92711991,1
1992,male,0,Black,non-college,1,Dem,-.12139728,.52684051,1
1956,female,-1,White,college,1,Rep,.64736795,.21896113,0
1959,male,1,White,college,0,Dem,.3308745,.69521141,1
1992,male,1,White,college,1,Dem,-1.3343868,.000569303,1
1994,female,1,White,college,0,Dem,.4124293,.24080436,1
1978,male,-1,White,non-college,1,Rep,.24455719,.15702668,0
1974,female,-1,Latinx,college,0,Rep,-1.2710745,.23389976,0
1971,male,1,Other,college,1,Dem,.048877135,.48284724,0
1959,male,0,Black,college,0,,-.91366017,.77878505,0
1978,female,0,Latinx,non-college,1,Dem,.43484724,.95608419,1
1949,male,-1,White,non-college,0,Rep,-1.0338238,.27890915,0
1943,male,1,White,non-college,0,Dem,2.2150407,.090467893,1
1964,female,1,White,college,1,Dem,.52455568,.66863334,1
1944,male,1,White,college,0,Dem,1.9021412,.47117177,1
1981,male,-1,White,college,1,Rep,.67706543,.69485635,0
1937,male,-1,White,non-college,0,Rep,-1.1975268,.83290058,1
1961,female,-1,White,non-college,0,Rep,.80582237,.88981169,0
1967,male,0,White,college,0,Dem,-.71544671,.41362736,1
1947,female,-1,White,college,0,Rep,.7923522,.66933149,0
1946,male,1,White,non-college,1,Dem,-.2657133,.015704708,1
1989,male,0,Latinx,college,1,Rep,2.2364376,.47842005,0
1948,male,1,Latinx,college,1,Dem,1.0174482,.69111896,0
1964,male,-1,White,non-college,0,Rep,.68301338,.15678319,0
1983,female,1,White,college,1,Dem,-.1550051,.39841118,1
1972,female,1,Latinx,college,0,Dem,1.2535244,.1686777,1
1957,female,1,White,college,0,Dem,-.79454631,.5030362,1
1945,male,-1,White,college,0,Rep,-.11427287,.56869918,0
1973,female,1,Latinx,college,1,Dem,1.8924725,.83871198,1
1952,male,0,White,non-college,0,Dem,-.0033014331,.78772217,1
1973,female,-1,White,college,0,Rep,.39106557,.13884057,0
1965,male,1,White,college,1,Dem,-.76214606,.7043817,1
1992,male,1,White,college,0,Dem,-.071317703,.48819616,1
1957,male,0,Other,college,1,Dem,-.86563945,.62244993,1
1998,male,0,Black,non-college,1,,1.0614917,.87691844,1
1954,female,1,White,college,0,Rep,1.2540822,.98724234,0
1984,male,0,Black,college,1,,.54598123,.91042721,0
1945,male,1,White,college,0,Dem,.8321293,.32686165,1
1992,male,-1,Latinx,non-college,1,Rep,-1.6664196,.74454355,0
1930,male,1,White,college,0,Dem,-2.9297853,.12450485,1
1984,female,1,Latinx,college,1,Dem,-.8344276,.18056466,1
1984,male,1,White,non-college,1,,.25451216,.73891717,1
1948,male,-1,White,college,1,,-.1642334,.67537206,0
1952,male,0,White,non-college,0,Dem,-.047125444,.94830871,1
1947,male,-1,White,non-college,0,Rep,.67262816,.27207693,0
1961,male,-1,White,college,1,,1.2717452,.57840478,0
1945,female,0,White,college,0,Rep,-1.8565265,.080334596,0
1994,male,-1,Black,college,1,Dem,.10163475,.070746385,1
1965,female,-1,White,college,1,Rep,-.80999953,.82026035,0
1962,male,-1,Latinx,college,0,Rep,-.90000749,.80232626,0
1943,female,0,White,college,1,Dem,.097973481,.63104844,1
1945,female,-1,White,non-college,0,Rep,1.6436424,.015493465,0
1986,female,1,White,college,0,Dem,1.6491609,.60792309,1
1948,male,1,White,non-college,0,Dem,-.71959186,.44881579,1
1977,female,-1,White,college,1,Rep,.66141915,.043759223,0
1950,female,-1,White,college,0,Rep,-1.1436591,.64610165,0
1960,female,0,White,college,1,Rep,.48261508,.20403785,0
1969,female,0,Other,college,1,,-.38736469,.31608126,1
1937,female,1,Other,college,0,,-1.6606265,.61684459,1
1981,female,-1,Latinx,college,1,Rep,.92209738,.26616281,0
1950,female,1,White,college,0,Dem,-1.1074017,.424402,1
1945,female,0,White,college,0,Rep,-1.5992796,.91562188,0
1961,female,-1,Other,non-college,1,Rep,-.95415896,.63579577,0
1947,male,0,White,non-college,0,Rep,-.21762343,.63390797,1
1958,female,-1,White,non-college,1,Rep,.038789697,.90286839,0
1963,female,-1,White,college,0,Rep,-1.0692217,.61084265,0
1944,male,-1,White,college,0,Rep,1.9181062,.39734024,0
1982,male,1,Latinx,college,1,Dem,-1.0057815,.070684567,1
1950,female,1,Latinx,non-college,0,Rep,.2555114,.37473544,0
1982,female,-1,White,college,1,Rep,1.1939521,.77275068,0
1971,female,0,Other,college,1,Dem,.52139586,.97756517,1
1931,male,-1,White,college,0,Rep,.37299135,.14008811,0
1952,female,1,White,college,0,Dem,.95695508,.85795295,0
1953,female,-1,Other,college,1,Rep,.27792329,.41530871,0
1964,male,-1,White,non-college,0,Rep,1.4134327,.78195596,0
1956,male,1,White,non-college,0,,1.2870028,.59111702,1
1969,male,1,Latinx,college,1,Dem,-.98989743,.10746916,1
1948,male,-1,White,college,0,Rep,-1.4401618,.67218435,0
1995,female,1,White,college,0,Dem,-.87023246,.80265331,1
1950,female,1,White,college,0,Dem,.68437785,.37201583,0
1988,female,1,White,college,0,Dem,1.1999534,.46737471,1
1946,male,-1,White,non-college,0,Rep,-.51528376,.74001253,0
1953,male,-1,White,college,1,Rep,.55328971,.86320412,1
